"alias","name","Organism Taxon Id","represents","selected","shared name","type"
,"vpr","11676","ncbigene:155807","false","vpr","protein"
"Cus1|SAP145|SF3B145|SF3b1|SF3b150","SF3B2","9606","ncbigene:10992","false","SF3B2","protein"
,"tat","11676","ncbigene:155871","false","tat","protein"
"CCNT|CYCT1|HIVE1","CCNT1","9606","ncbigene:904","false","CCNT1","protein"
"BAF190|BAF190A|BRG1|MRD16|RTPS2|SNF2|SNF2L4|SNF2LB|SWI2|hSNF2b","SMARCA4","9606","ncbigene:6597","false","SMARCA4","protein"
"BAF47|INI1|MRD15|PPP1R144|RDT|RTPS1|SNF5|SNF5L1|SWNTS1|Sfh1p|Snr1|hSNFS","SMARCB1","9606","ncbigene:6598","false","SMARCB1","protein"
"BIG-3|CFAP89|SWD3","WDR5","9606","ncbigene:11091","false","WDR5","protein"
"CDC68|FACTP140|SPT16/CDC68","SUPT16H","9606","ncbigene:11198","false","SUPT16H","protein"
"ACTL6|ARPN-BETA|Arp4|BAF53A|INO80K","ACTL6A","9606","ncbigene:86","false","ACTL6A","protein"
"ISWI|SNF2H|WCRF135|hISWI|hSNF2H","SMARCA5","9606","ncbigene:8467","false","SMARCA5","protein"
"GON-10|HD1|RPD3|RPD3L1","HDAC1","9606","ncbigene:3065","false","HDAC1","protein"
"RbAp46","RBBP7","9606","ncbigene:5931","false","RBBP7","protein"
"NURF55|RBAP48|lin-53","RBBP4","9606","ncbigene:5928","false","RBBP4","protein"
"2HOR0202|SAP18P","SAP18","9606","ncbigene:10284","false","SAP18","protein"
,"SIN3A","9606","ncbigene:25942","false","SIN3A","protein"
"Hs.54452|IK1|IKAROS|LYF1|LyF-1|PPP1R92|PRO0758|ZNFN1A1","IKZF1","9606","ncbigene:10320","false","IKZF1","protein"
,"MTA1","9606","ncbigene:9112","false","MTA1","protein"
"C-2k|CDC2L4|CTK1|PITALRE|TAK","CDK9","9606","ncbigene:1025","false","CDK9","protein"
"H2A.X|H2A/X|H2AX","H2AFX","9606","ncbigene:3014","false","H2AFX","protein"
"CBP|KAT3A|RSTS","CREBBP","9606","ncbigene:1387","false","CREBBP","protein"
"IRF-1|MAR","IRF1","9606","ncbigene:3659","false","IRF1","protein"
,"env","11676","ncbigene:155971","false","env","protein"
"CD4mut","CD4","9606","ncbigene:920","false","CD4","protein"
,"gag-pol","11676","ncbigene:155348","false","gag-pol","protein"
,"SP1","9606","ncbigene:6667","false","SP1","protein"
"CIG|ED-B|FINC|FN|FNZ|GFND|GFND2|LETS|MSF","FN1","9606","ncbigene:2335","false","FN1","protein"
"BOV-1A|BOV-1B|BOV-1C|C1DELq21.1|DEL1q21.1|MDS014|RBM8|RBM8B|TAR|Y14|ZNRP|ZRNP1","RBM8A","9606","ncbigene:9939","false","RBM8A","protein"
,"gag","11676","ncbigene:155030","false","gag","protein"
"HEED|WAIT1","EED","9606","ncbigene:8726","false","EED","protein"
"16.3A5|1F5|EJ16|EJ30|EL32|G344|HRF-20|HRF20|MAC-IP|MACIF|MEM43|MIC11|MIN1|MIN2|MIN3|MIRL|MSK21|p18-20","CD59","9606","ncbigene:966","false","CD59","protein"
"CD90","THY1","9606","ncbigene:7070","false","THY1","protein"
"LAMP-3|ME491|MLA1|OMA81H|TSPAN30","CD63","9606","ncbigene:967","false","CD63","protein"
,"nef","11676","ncbigene:156110","false","nef","protein"
"AP47|CLAPM2|CLTNM|MU-1A","AP1M1","9606","ncbigene:8907","false","AP1M1","protein"
,"AP3M1","9606","ncbigene:26985","false","AP3M1","protein"
"CD3-ZETA|CD3H|CD3Q|CD3Z|IMD25|T3Z|TCRZ","CD247","9606","ncbigene:919","false","CD247","protein"
,"vpu","11676","ncbigene:155945","false","vpu","protein"
"CD317|TETHERIN","BST2","9606","ncbigene:684","false","BST2","protein"
,"rev","11676","ncbigene:155908","false","rev","protein"
"EIF2C2|Q10","AGO2","9606","ncbigene:27161","false","AGO2","protein"
"HLR2|P54|RCK","DDX6","9606","ncbigene:1656","false","DDX6","protein"
"A3G|ARCD|ARP-9|ARP9|CEM-15|CEM15|bK150C2.7|dJ494G10.1","APOBEC3G","9606","ncbigene:60489","false","APOBEC3G","protein"
"Cd169|Siglec-1|Sn","Siglec1","10090","ncbigene:20612","false","Siglec1","protein"
"JTK9|p59Hck|p61Hck","HCK","9606","ncbigene:3055","false","HCK","protein"
,"vif","11676","ncbigene:155459","false","vif","protein"
"VACM-1|VACM1","CUL5","9606","ncbigene:8065","false","CUL5","protein"
"ELOB|SIII","TCEB2","9606","ncbigene:6923","false","TCEB2","protein"
"SIII|eloC","TCEB1","9606","ncbigene:6921","false","TCEB1","protein"
"CVID6|S5.7|TAPA1|TSPAN28","CD81","9606","ncbigene:975","false","CD81","protein"
"DFS70|LEDGF|PAIP|PSIP2|p52|p75","PSIP1","9606","ncbigene:11168","false","PSIP1","protein"
"CAHH|TRIAD3|U7I1|UBCE7IP1|ZIN","RNF216","9606","ncbigene:54476","false","RNF216","protein"
"DC21|KFSD|KFSDX|SAT|SSAT|SSAT-1","SAT1","9606","ncbigene:6303","false","SAT1","protein"
"CYPA|CYPH|HEL-S-69p","PPIA","9606","ncbigene:5478","false","PPIA","protein"
"TSG10|VPS23","TSG101","9606","ncbigene:7251","false","TSG101","protein"
"ACTFS|HDMX|hdm2","MDM2","9606","ncbigene:4193","false","MDM2","protein"
"PAK65|PAKgamma","PAK2","9606","ncbigene:5062","false","PAK2","protein"
"CD71|T9|TFR|TFR1|TR|TRFR|p90","TFRC","9606","ncbigene:7037","false","TFRC","protein"
"GLBA|SAP1","PSAP","9606","ncbigene:5660","false","PSAP","protein"
,"ARF1","9606","ncbigene:375","false","ARF1","protein"
"COPB","COPB1","9606","ncbigene:1315","false","COPB1","protein"
"ANX2|ANX2L4|CAL1H|HEL-S-270|LIP2|LPC2|LPC2D|P36|PAP-IV","ANXA2","9606","ncbigene:302","false","ANXA2","protein"
"BRWS1|PS1TP5BP1","ACTB","9606","ncbigene:60","false","ACTB","protein"
"ACT|ACTG|BRWS2|DFNA20|DFNA26|HEL-176","ACTG1","9606","ncbigene:71","false","ACTG1","protein"
"SIR2L1","SIRT1","9606","ncbigene:23411","false","SIRT1","protein"
"SIR2|SIR2L|SIR2L2","SIRT2","9606","ncbigene:22933","false","SIRT2","protein"
"SIR2L3","SIRT3","9606","ncbigene:23410","false","SIRT3","protein"
"SIR2L6","SIRT6","9606","ncbigene:51548","false","SIRT6","protein"
,"SATB1","9606","ncbigene:6304","false","SATB1","protein"
"macroH2A2","H2AFY2","9606","ncbigene:55506","false","H2AFY2","protein"
"KAT3B|RSTS2|p300","EP300","9606","ncbigene:2033","false","EP300","protein"
"H2B/c|H2BFC|dJ97D16.4","HIST1H2BL","9606","ncbigene:8340","false","HIST1H2BL","protein"
"H2B/e|H2BFE|dJ160A22.3","HIST1H2BM","9606","ncbigene:8342","false","HIST1H2BM","protein"
"H2B/d|H2BFD","HIST1H2BN","9606","ncbigene:8341","false","HIST1H2BN","protein"
"H4/l|H4FL","HIST1H4G","9606","ncbigene:8369","false","HIST1H4G","protein"
"H2AA|H2AFR|bA317E16.2","HIST1H2AA","9606","ncbigene:221613","false","HIST1H2AA","protein"
"H2A/S|H2AFALii|H2AH|dJ86C11.1","HIST1H2AH","9606","ncbigene:85235","false","HIST1H2AH","protein"
"H2BFU|STBP|TSH2B|TSH2B.1|bA317E16.3","HIST1H2BA","9606","ncbigene:255626","false","HIST1H2BA","protein"
"H2B/j|H2BFJ","HIST1H2BH","9606","ncbigene:8345","false","HIST1H2BH","protein"
"H2A/l|H2AFL|dJ221C16.4","HIST1H2AC","9606","ncbigene:8334","false","HIST1H2AC","protein"
"H2AB","HIST2H2AB","9606","ncbigene:317772","false","HIST2H2AB","protein"
,"HIST3H2A","9606","ncbigene:92815","false","HIST3H2A","protein"
"H2A.Z-2|H2AV","H2AFV","9606","ncbigene:94239","false","H2AFV","protein"
"GL105|H2B|H2B.1|H2BFQ|H2BGL105|H2BQ","HIST2H2BE","9606","ncbigene:8349","false","HIST2H2BE","protein"
"H2A|H2A-GL101|H2A/q|H2AFQ","HIST2H2AC","9606","ncbigene:8338","false","HIST2H2AC","protein"
"H3.4|H3/g|H3FT|H3t","HIST3H3","9606","ncbigene:8290","false","HIST3H3","protein"
"H2B.1B|H2B/b|H2BFB|HIRIP2|dJ221C16.6","HIST1H2BD","9606","ncbigene:3017","false","HIST1H2BD","protein"
"H2B.1|H2B/f|H2BFF","HIST1H2BB","9606","ncbigene:3018","false","HIST1H2BB","protein"
"H2B.2|H2B/n|H2BFN|dJ193B12.2","HIST1H2BO","9606","ncbigene:8348","false","HIST1H2BO","protein"
"H2A.3|H2A/g|H2AFG","HIST1H2AD","9606","ncbigene:3013","false","HIST1H2AD","protein"
"H2A.Z-1|H2A.z|H2A/z|H2AZ","H2AFZ","9606","ncbigene:3015","false","H2AFZ","protein"
"H2B/r|H2BFR|H2BJ","HIST1H2BJ","9606","ncbigene:8970","false","HIST1H2BJ","protein"
"H2A.y|H2A/y|H2AF12M|H2AFJ|MACROH2A1.1|mH2A1|macroH2A1.2","H2AFY","9606","ncbigene:9555","false","H2AFY","protein"
"H2B/S|H2BFAiii|H2BFT|H2BK","HIST1H2BK","9606","ncbigene:85236","false","HIST1H2BK","protein"
"POLR2|POLRA|RPB1|RPBh1|RPO2|RPOL2|RpIILS|hRPB220|hsRPB1","POLR2A","9606","ncbigene:5430","false","POLR2A","protein"
"POL2RB|RPB2|hRPB140","POLR2B","9606","ncbigene:5431","false","POLR2B","protein"
"RPB3|RPB31|hRPB33|hsRPB3","POLR2C","9606","ncbigene:5432","false","POLR2C","protein"
"HSRBP4|HSRPB4|RBP4|RPB16","POLR2D","9606","ncbigene:5433","false","POLR2D","protein"
"RPABC1|RPB5|XAP4|hRPB25|hsRPB5","POLR2E","9606","ncbigene:5434","false","POLR2E","protein"
"HRBP14.4|POLRF|RPABC14.4|RPABC2|RPB14.4|RPB6|RPC15","POLR2F","9606","ncbigene:5435","false","POLR2F","protein"
"RPB19|RPB7|hRPB19|hsRPB7","POLR2G","9606","ncbigene:5436","false","POLR2G","protein"
"RPABC3|RPB17|RPB8","POLR2H","9606","ncbigene:5437","false","POLR2H","protein"
"RPB9|hRPB14.5","POLR2I","9606","ncbigene:5438","false","POLR2I","protein"
"POLR2J1|RPB11|RPB11A|RPB11m|hRPB14","POLR2J","9606","ncbigene:5439","false","POLR2J","protein"
"ABC10-alpha|RPABC4|RPB10alpha|RPB12|RPB7.0|hRPB7.0|hsRPB10a","POLR2K","9606","ncbigene:5440","false","POLR2K","protein"
"RBP10|RPABC5|RPB10|RPB10beta|RPB7.6|hRPB7.6","POLR2L","9606","ncbigene:5441","false","POLR2L","protein"
"GTF2D|GTF2D1|HDL4|SCA17|TFIID","TBP","9606","ncbigene:6908","false","TBP","protein"
"TF2B|TFIIB","GTF2B","9606","ncbigene:2959","false","GTF2B","protein"
"BAF180|PB1","PBRM1","9606","ncbigene:55193","false","PBRM1","protein"
"DNMAP1|DNMTAP1|EAF2|MEAF2|SWC4","DMAP1","9606","ncbigene:55929","false","DMAP1","protein"
"C1orf149|CENP-28|EAF6|NY-SAR-91","MEAF6","9606","ncbigene:64769","false","MEAF6","protein"
"4930573H17Rik|B230215M10Rik|GAS41|NUBI-1|YAF9","YEATS4","9606","ncbigene:8089","false","YEATS4","protein"
"BAF170|CRACC2|Rsc8","SMARCC2","9606","ncbigene:6601","false","SMARCC2","protein"
"ECP54|INO80H|NMP238|PONTIN|Pontin52|RVB1|TIH1|TIP49|TIP49A","RUVBL1","9606","ncbigene:8607","false","RUVBL1","protein"
"ECP51|INO80J|REPTIN|RVB2|TIH2|TIP48|TIP49B","RUVBL2","9606","ncbigene:10856","false","RUVBL2","protein"
"CAGH32|P400|TNRC12","EP400","9606","ncbigene:57634","false","EP400","protein"
"B120|BAF250|BAF250a|BM029|C1orf4|ELD|MRD14|OSA1|P270|SMARCF1|hELD|hOSA1","ARID1A","9606","ncbigene:8289","false","ARID1A","protein"
"PAF350/400|PAF400|STAF40|TR-AP|Tra1","TRRAP","9606","ncbigene:8295","false","TRRAP","protein"
"NBP16|PC2","CBX4","9606","ncbigene:8535","false","CBX4","protein"
"2410002I16Rik|5830420C16Rik|CFP1|CGBP|HsT2645|PCCX1|PHF18|SPP1|ZCGPC1|hCGBP","CXXC1","9606","ncbigene:30827","false","CXXC1","protein"
"CHD-4|Mi-2b|Mi2-BETA","CHD4","9606","ncbigene:1108","false","CHD4","protein"
,"MTA3","9606","ncbigene:57504","false","MTA3","protein"
,"MBD3","9606","ncbigene:53615","false","MBD3","protein"
"KMT2F|Set1|Set1A","SETD1A","9606","ncbigene:9739","false","SETD1A","protein"
"MRD18|P66beta|p68","GATAD2B","9606","ncbigene:57459","false","GATAD2B","protein"
"ALL-1|CXXC7|HRX|HTRX1|MLL|MLL/GAS7|MLL1|MLL1A|TET1-MLL|TRX1|WDSTS","KMT2A","9606","ncbigene:4297","false","KMT2A","protein"
"DMTase|NY-CO-41","MBD2","9606","ncbigene:8932","false","MBD2","protein"
"MTA1L1|PID","MTA2","9606","ncbigene:9219","false","MTA2","protein"
"ATL1|ATL1-alpha|ATL1-beta|ATL1-delta|ATL1-gamma|CTIP-2|CTIP2|RIT1|ZNF856B|hRIT1-alpha","BCL11B","9606","ncbigene:64919","false","BCL11B","protein"
"HD2|RPD3|YAF1","HDAC2","9606","ncbigene:3066","false","HDAC2","protein"
"CHET9|JJAZ1","SUZ12","9606","ncbigene:23512","false","SUZ12","protein"
"DELTA|INO80S|NF-E1|UCRBP|YIN-YANG-1","YY1","9606","ncbigene:7528","false","YY1","protein"
"NF45|PRO3063","ILF2","9606","ncbigene:3608","false","ILF2","protein"
"CBTF|DRBF|DRBP76|MMP4|MPHOSPH4|MPP4|NF-AT-90|NF110|NF110b|NF90|NF90a|NF90b|NFAR|NFAR-1|NFAR2|TCP110|TCP80","ILF3","9606","ncbigene:3609","false","ILF3","protein"
"TFIIIC63|TFIIICepsilon|TFiiiC2-63","GTF3C5","9606","ncbigene:9328","false","GTF3C5","protein"
"NP220|ZFML|Zfp638","ZNF638","9606","ncbigene:27332","false","ZNF638","protein"
,"ZNF512","9606","ncbigene:84450","false","ZNF512","protein"
"CAGH1|CAGH1A|CIZ|ERDA2|NMP4|NP|TNRC1","ZNF384","9606","ncbigene:171017","false","ZNF384","protein"
"SRK|STCD|STD|TZK|ZAP-70","ZAP70","9606","ncbigene:7535","false","ZAP70","protein"
"BP-8|CSDA2|CSDB|DBPB|MDR-NF1|NSEP-1|NSEP1|YB-1|YB1","YBX1","9606","ncbigene:4904","false","YBX1","protein"
"CRM1|emb|exp1","XPO1","9606","ncbigene:7514","false","XPO1","protein"
"MMSET|NSD2|REIIBP|TRX5|WHS","WHSC1","9606","ncbigene:7468","false","WHSC1","protein"
"C17orf40|HCA66","UTP6","9606","ncbigene:55813","false","UTP6","protein"
"NOR-90|UBF|UBF-1|UBF1|UBF2","UBTF","9606","ncbigene:7343","false","UBTF","protein"
"COXPD4|EF-TuMT|EFTU|P43","TUFM","9606","ncbigene:7284","false","TUFM","protein"
"LAP1|LAP1B","TOR1AIP1","9606","ncbigene:26092","false","TOR1AIP1","protein"
"TOP2|TP2A","TOP2A","9606","ncbigene:7153","false","TOP2A","protein"
"CMD1T|LAP2|LEMD4|PRO0868|TP","TMPO","9606","ncbigene:7112","false","TMPO","protein"
"HPR1|P84|P84N5","THOC1","9606","ncbigene:9984","false","THOC1","protein"
"SAZD|UTP13","TBL3","9606","ncbigene:10607","false","TBL3","protein"
"Npl3|RBP56|TAF2N|TAFII68","TAF15","9606","ncbigene:8148","false","TAF15","protein"
"39K2|39K3","STAU2","9606","ncbigene:27067","false","STAU2","protein"
"FACT|FACT80|T160","SSRP1","9606","ncbigene:6749","false","SSRP1","protein"
"HIAA0929|MINT|RBM15C|SHARP","SPEN","9606","ncbigene:23013","false","SPEN","protein"
"EVI16","SOX4","9606","ncbigene:6659","false","SOX4","protein"
"ASCC3L1|BRR2|HELIC2|RP33|U5-200KD","SNRNP200","9606","ncbigene:23020","false","SNRNP200","protein"
"CAP-C|CAPC|SMC-4|SMC4L1|hCAP-C","SMC4","9606","ncbigene:10051","false","SMC4","protein"
"BAM|BMH|CDLS3|CSPG6|HCAP|SMC3L1","SMC3","9606","ncbigene:9126","false","SMC3","protein"
"CAP-E|CAPE|SMC-2|SMC2L1","SMC2","9606","ncbigene:10592","false","SMC2","protein"
"RSE1|SAP130|SF3b130|STAF130","SF3B3","9606","ncbigene:23450","false","SF3B3","protein"
"Hsh155|MDS|PRP10|PRPF10|SAP155|SF3b155","SF3B1","9606","ncbigene:23451","false","SF3B1","protein"
"SMT3IP1|SSP3|Ulp1","SENP3","9606","ncbigene:26168","false","SENP3","protein"
"AML1|AML1-EVI-1|AMLCR1|CBFA2|EVI-1|PEBP2aB","RUNX1","9606","ncbigene:861","false","RUNX1","protein"
"TSG15","RPP30","9606","ncbigene:10556","false","RPP30","protein"
"ALO17|C17orf27|KIAA1618|MYMY2|MYSTR|NET57","RNF213","9606","ncbigene:57674","false","RNF213","protein"
,"RNF6","9606","ncbigene:6049","false","RNF6","protein"
"RFC40","RFC2","9606","ncbigene:5982","false","RFC2","protein"
"A1|MHCBFB|PO-GA|RECC1|RFC|RFC140","RFC1","9606","ncbigene:5981","false","RFC1","protein"
"CAPER|CAPERalpha|FSAP59|HCC1|RNPC2","RBM39","9606","ncbigene:9584","false","RBM39","protein"
"SPF45","RBM17","9606","ncbigene:84991","false","RBM17","protein"
"COAA|PSP2|SIP|SYTIP1|TMEM137","RBM14","9606","ncbigene:10432","false","RBM14","protein"
"P2P-R|PACT|RBQ-1|SNAMA","RBBP6","9606","ncbigene:5930","false","RBBP6","protein"
"Fug1|RANGAP|SD","RANGAP1","9606","ncbigene:5905","false","RANGAP1","protein"
"ADANE|ANE1|IIAE3|NUP358|TRP1|TRP2","RANBP2","9606","ncbigene:5903","false","RANBP2","protein"
"ARA24|Gsp1|TC4","RAN","9606","ncbigene:5901","false","RAN","protein"
"HPRP8|PRP8|PRPC8|RP13|SNRNP220","PRPF8","9606","ncbigene:10594","false","PRPF8","protein"
"PP-1G|PP1C|PPP1G","PPP1CC","9606","ncbigene:5501","false","PPP1CC","protein"
"DRS|DRSP|SDK3|memA","PNN","9606","ncbigene:5411","false","PNN","protein"
"PLK|STPK13","PLK1","9606","ncbigene:5347","false","PLK1","protein"
"BAP|BCAP37|Bap37|PNAS-141|REA|p22","PHB2","9606","ncbigene:11331","false","PHB2","protein"
"HEL-215|HEL-S-54e|PHB1","PHB","9606","ncbigene:5245","false","PHB","protein"
"PES","PES1","9606","ncbigene:23481","false","PES1","protein"
"APRIN|AS3|CG008","PDS5B","9606","ncbigene:23047","false","PDS5B","protein"
"SCC-112|SCC112","PDS5A","9606","ncbigene:23244","false","PDS5A","protein"
"F23149_1|PD2","PAF1","9606","ncbigene:54623","false","PAF1","protein"
"PAB1|PABP|PABP1|PABPC2|PABPL1","PABPC1","9606","ncbigene:26986","false","PABPC1","protein"
"ORC5L|ORC5P|ORC5T|PPP1R117","ORC5","9606","ncbigene:5001","false","ORC5","protein"
"ORC4L|ORC4P","ORC4","9606","ncbigene:5000","false","ORC4","protein"
"C7orf14","NUP205","9606","ncbigene:23165","false","NUP205","protein"
"HNUP153|N153","NUP153","9606","ncbigene:9972","false","NUP153","protein"
"ADIR2|NUP196|NUP96","NUP98","9606","ncbigene:4928","false","NUP98","protein"
"NIC96","NUP93","9606","ncbigene:9688","false","NUP93","protein"
,"NUP88","9606","ncbigene:4927","false","NUP88","protein"
"FROUNT|Nup75","NUP85","9606","ncbigene:79902","false","NUP85","protein"
"NMP-22|NUMA","NUMA1","9606","ncbigene:4926","false","NUMA1","protein"
"B23|NPM","NPM1","9606","ncbigene:4869","false","NPM1","protein"
"NOP5|NOP5/NOP58","NOP58","9606","ncbigene:51602","false","NOP58","protein"
"NOL5A|SCA36","NOP56","9606","ncbigene:10528","false","NOP56","protein"
"NOL1|NOP120|NSUN1|p120","NOP2","9606","ncbigene:4839","false","NOP2","protein"
,"NEK7","9606","ncbigene:140609","false","NEK7","protein"
"C23","NCL","9606","ncbigene:4691","false","NCL","protein"
"BRRN1|CAP-H","NCAPH","9606","ncbigene:23397","false","NCAPH","protein"
"CAPG|CHCG|NY-MEL-3|YCG1","NCAPG","9606","ncbigene:64151","false","NCAPG","protein"
"CAP-D2|CNAP1|hCAP-D2","NCAPD2","9606","ncbigene:9918","false","NCAPD2","protein"
"ALP|NET43","NAT10","9606","ncbigene:55226","false","NAT10","protein"
"HBO1|HBOA|MYST2|ZC2HC7","KAT7","9606","ncbigene:11143","false","KAT7","protein"
"BDPLT6|DFNA17|EPSTS|FTNS|MHA|NMHC-II-A|NMMHC-IIA|NMMHCA","MYH9","9606","ncbigene:4627","false","MYH9","protein"
"HsT18564|MEF-2|MST156|MSTP156|myEF-2","MYEF2","9606","ncbigene:50804","false","MYEF2","protein"
"COCA2|FCC2|HNPCC|HNPCC2|hMLH1","MLH1","9606","ncbigene:4292","false","MLH1","protein"
"CDC47|MCM2|P1.1-MCM3|P1CDC47|P85MCM|PNAS146|PPP1R104","MCM7","9606","ncbigene:4176","false","MCM7","protein"
"MCG40308|Mis5|P105MCM","MCM6","9606","ncbigene:4175","false","MCM6","protein"
"HCC5|P1-MCM3|P1.h|RLFB","MCM3","9606","ncbigene:4172","false","MCM3","protein"
"ALS21|MPD2|VCPDM","MATR3","9606","ncbigene:9782","false","MATR3","protein"
"CRA|CREAP-1|CROP|LUC7A|OA48-18|hLuc7A","LUC7L3","9606","ncbigene:51747","false","LUC7L3","protein"
"CGI-74|LUC7B2","LUC7L2","9606","ncbigene:51631","false","LUC7L2","protein"
"ADLD|LMN|LMN2|LMNB","LMNB1","9606","ncbigene:4001","false","LMNB1","protein"
"DHCR14B|LMN2R|PHA|TDRD18","LBR","9606","ncbigene:3930","false","LBR","protein"
"IMB1|IPO1|IPOB|Impnb|NTF97","KPNB1","9606","ncbigene:3837","false","KPNB1","protein"
"IPOA1|QIP2|RCH1|SRP1alpha","KPNA2","9606","ncbigene:3838","false","KPNA2","protein"
"A-328A3.2|KID|KNSL4|OBP|OBP-1|OBP-2|SEMDJL2","KIF22","9606","ncbigene:3835","false","KIF22","protein"
"HA-8|HLA-HA8|PEN|PUF6|XTP5|hPUF-A","KIAA0020","9606","ncbigene:9933","false","KIAA0020","protein"
"HP1-BP74|HP1BP74","HP1BP3","9606","ncbigene:50809","false","HP1BP3","protein"
"CEAR|HNRNPM4|HNRPM|HNRPM4|HTGR1|NAGR1|hnRNP M","HNRNPM","9606","ncbigene:4670","false","HNRNPM","protein"
"HNRPH|HNRPH1|hnRNPH","HNRNPH1","9606","ncbigene:3187","false","HNRNPH1","protein"
"HNRPF|OK/SW-cl.23|mcs94-1","HNRNPF","9606","ncbigene:3185","false","HNRNPF","protein"
"AUF1|AUF1A|HNRPD|P37|hnRNPD0","HNRNPD","9606","ncbigene:3184","false","HNRNPD","protein"
"HIP116|HIP116A|HLTF1|RNF80|SMARCA3|SNF2L3|ZBU1","HLTF","9606","ncbigene:6596","false","HLTF","protein"
"CRFG|NGB|NOG1","GTPBP4","9606","ncbigene:23560","false","GTPBP4","protein"
"KAT12|TFIII90|TFIIIC290|TFIIIC90|TFIIICDELTA","GTF3C4","9606","ncbigene:9329","false","GTF3C4","protein"
"C77032|E2IG3|NNP47|NS","GNL3","9606","ncbigene:26354","false","GNL3","protein"
"Gnb2-rs1|H12.3|HLC-7|PIG21|RACK1","GNB2L1","9606","ncbigene:10399","false","GNB2L1","protein"
"HIMAP1|IAN2|IMAP1|IMAP38","GIMAP1","9606","ncbigene:170575","false","GIMAP1","protein"
"GCN1|GCN1L|PRIC295","GCN1L1","9606","ncbigene:10985","false","GCN1L1","protein"
"p66alpha","GATAD2A","9606","ncbigene:54815","false","GATAD2A","protein"
"FIB|FLRN|RNU3IP1","FBL","9606","ncbigene:2091","false","FBL","protein"
"COFS2|EM9|TFIIH|TTD|XPD","ERCC2","9606","ncbigene:2068","false","ERCC2","protein"
"EDMD|LEMD5|STA","EMD","9606","ncbigene:2010","false","EMD","protein"
"EIF3S5|eIF3-p47","EIF3F","9606","ncbigene:8665","false","EIF3F","protein"
"EIF3-P48|EIF3S6|INT6|eIF3-p46","EIF3E","9606","ncbigene:3646","false","EIF3E","protein"
"EIF3-ETA|EIF3-P110|EIF3-P116|EIF3S9|PRT1","EIF3B","9606","ncbigene:8662","false","EIF3B","protein"
"EIF3|EIF3S10|P167|TIF32|eIF3-p170|eIF3-theta|p180|p185","EIF3A","9606","ncbigene:8661","false","EIF3A","protein"
"EF-1D|EF1D|FP1047","EEF1D","9606","ncbigene:1936","false","EEF1D","protein"
"CCS-3|CCS3|EE1A1|EEF-1|EEF1A|EF-Tu|EF1A|GRAF-1EF|HNGC:16303|LENG7|PTI1|eEF1A-1","EEF1A1","9606","ncbigene:1915","false","EEF1A1","protein"
"GE1|Ge-1|HEDL5|HEDLS|RCD-8|RCD8","EDC4","9606","ncbigene:23644","false","EDC4","protein"
"DNCLI1|LIC1","DYNC1LI1","9606","ncbigene:51143","false","DYNC1LI1","protein"
"REQ|UBID4|ubi-d4","DPF2","9606","ncbigene:5977","false","DPF2","protein"
"ERBP|FCF2|HSU15552|LPTS-RP2|TdIF2","DNTTIP2","9606","ncbigene:30836","false","DNTTIP2","protein"
"DIM1|DIMT1L|HSA9761|HUSSY5","DIMT1","9606","ncbigene:27292","false","DIMT1","protein"
"DDX30|RETCOR","DHX30","9606","ncbigene:22907","false","DHX30","protein"
"DBP1|DDX15|HRH2|PRP43|PRPF43|PrPp43p","DHX15","9606","ncbigene:1665","false","DHX15","protein"
,"DDX24","9606","ncbigene:57062","false","DDX24","protein"
"GUA|GURDB|RH-II/GU|RH-II/GuA","DDX21","9606","ncbigene:9188","false","DDX21","protein"
"DBP5|DDX19|RNAh","DDX19B","9606","ncbigene:11269","false","DDX19B","protein"
"MrDb","DDX18","9606","ncbigene:8886","false","DDX18","protein"
"G17P1|HLR1|HUMP68|p68","DDX5","9606","ncbigene:1655","false","DDX5","protein"
"CAP-Rf|DBX|DDX14|DDX3|HLP2","DDX3X","9606","ncbigene:1654","false","DDX3X","protein"
"DAP-3|MRP-S29|MRPS29|bMRP-10","DAP3","9606","ncbigene:7818","false","DAP3","protein"
"AUTS18|HELSNF1","CHD8","9606","ncbigene:57680","false","CHD8","protein"
"CDC2|CDC28A|P34CDC2","CDK1","9606","ncbigene:983","false","CDK1","protein"
"JPO2|R1|RAM2","CDCA7L","9606","ncbigene:55536","false","CDCA7L","protein"
"JPO1","CDCA7","9606","ncbigene:83879","false","CDCA7","protein"
"CDC5|CDC5-LIKE|CEF1|PCDC5RP|dJ319D22.1","CDC5L","9606","ncbigene:988","false","CDC5L","protein"
"HsT17299","CCNB2","9606","ncbigene:9133","false","CCNB2","protein"
"TIP120|TIP120A","CAND1","9606","ncbigene:55832","false","CAND1","protein"
"GC1QBP|HABP1|SF2p32|gC1Q-R|gC1qR|p32","C1QBP","9606","ncbigene:708","false","C1QBP","protein"
"MST017|MSTP017","BZW2","9606","ncbigene:28969","false","BZW2","protein"
"MOT1|TAF(II)170|TAF172|TAFII170","BTAF1","9606","ncbigene:9044","false","BTAF1","protein"
"BRIX|BXDC2","BRIX1","9606","ncbigene:55299","false","BRIX1","protein"
"ORFX|RING3L","BRD3","9606","ncbigene:8019","false","BRD3","protein"
"D6S113E|FSH|FSRG1|NAT|RING3|RNF3","BRD2","9606","ncbigene:6046","false","BRD2","protein"
"WBSCR10|WBSCR9|WSTF","BAZ1B","9606","ncbigene:9031","false","BAZ1B","protein"
"APC7","ANAPC7","9606","ncbigene:51434","false","ANAPC7","protein"
"ELYS|MST108|TMBS62","AHCTF1","9606","ncbigene:25909","false","AHCTF1","protein"
"ADAR1|AGS6|DRADA|DSH|DSRAD|G1P1|IFI-4|IFI4|K88DSRBP|P136","ADAR","9606","ncbigene:103","false","ADAR","protein"
"ACINUS|ACN|fSAP152","ACIN1","9606","ncbigene:22985","false","ACIN1","protein"
"BFR2|CHE-1|CHE1|DED","AATF","9606","ncbigene:26574","false","AATF","protein"
"SLK|SYN|p59-FYN","FYN","9606","ncbigene:2534","false","FYN","protein"
"ASV|SRC1|c-SRC|p60-Src","SRC","9606","ncbigene:6714","false","SRC","protein"
"IMD22|LSK|YT16|p56lck|pp58lck","LCK","9606","ncbigene:3932","false","LCK","protein"
"GCP-1|GCP1|IL8|LECT|LUCT|LYNAP|MDNCF|MONAP|NAF|NAP-1|NAP1","CXCL8","9606","ncbigene:3576","false","CXCL8","protein"
"BETA-TRCP|FBW1A|FBXW1|FBXW1A|FWD1|bTrCP|bTrCP1|betaTrCP","BTRC","9606","ncbigene:8945","false","BTRC","protein"
"AID|ARP2|CDA2|HEL-S-284|HIGM2","AICDA","9606","ncbigene:57379","false","AICDA","protein"
"DDBA|UV-DDB1|XAP1|XPCE|XPE|XPE-BF","DDB1","9606","ncbigene:1642","false","DDB1","protein"
,"CUL4A","9606","ncbigene:8451","false","CUL4A","protein"
"CLIP4|STS-2|TULA|TULA-1","UBASH3A","9606","ncbigene:53347","false","UBASH3A","protein"
"ABC38|OABP|RLI|RNASEL1|RNASELI|RNS4I","ABCE1","9606","ncbigene:6059","false","ABCE1","protein"
"APG-2|HEL-S-5a|HS24/P52|HSPH2|RY|hsp70|hsp70RY","HSPA4","9606","ncbigene:3308","false","HSPA4","protein"
"CIS1|CISH1|JAB|SOCS-1|SSI-1|SSI1|TIP3","SOCS1","9606","ncbigene:8651","false","SOCS1","protein"
,"CUL2","9606","ncbigene:8453","false","CUL2","protein"
"BA554C12.1|RNF75|ROC1","RBX1","9606","ncbigene:9978","false","RBX1","protein"
"BCC7|LFS1|P53|TRP53","TP53","9606","ncbigene:7157","false","TP53","protein"
"DCAF1","VPRBP","9606","ncbigene:9730","false","VPRBP","protein"
"53BP1|p202","TP53BP1","9606","ncbigene:7158","false","TP53BP1","protein"
"REPA2|RP-A p32|RP-A p34|RPA32","RPA2","9606","ncbigene:6118","false","RPA2","protein"
"BBP|D11S636|MBBP|ZCCHC25|ZFM1|ZNF162","SF1","9606","ncbigene:7536","false","SF1","protein"
"BTF4|RAP74|TF2F1|TFIIF","GTF2F1","9606","ncbigene:2962","false","GTF2F1","protein"
"NEDD4-1|RPF1","NEDD4","9606","ncbigene:4734","false","NEDD4","protein"
"SKD1|SKD1A|SKD2|VPS4|VPS4-1","VPS4A","9606","ncbigene:27183","false","VPS4A","protein"
"CTC75|CTCBF|G22P1|KU70|ML8|TLAA","XRCC6","9606","ncbigene:2547","false","XRCC6","protein"
"C13orf4|CLLD8|CLLL8|KMT1F","SETDB2","9606","ncbigene:83852","false","SETDB2","protein"
"ESET|H3-K9-HMTase4|KG1T|KMT1E|TDRD21","SETDB1","9606","ncbigene:9869","false","SETDB1","protein"
"HsMar1|METNASE|Mar1","SETMAR","9606","ncbigene:6419","false","SETMAR","protein"
"BAT8|C6orf30|G9A|GAT8|KMT1C|NG36","EHMT2","9606","ncbigene:10919","false","EHMT2","protein"
"H3-K9-HMTase 1|KMT1A|MG44|SUV39H","SUV39H1","9606","ncbigene:6839","false","SUV39H1","protein"
"EBP-1|KBF1|NF-kB1|NF-kappa-B|NF-kappaB|NFKB-p105|NFKB-p50|NFkappaB|p105|p50","NFKB1","9606","ncbigene:4790","false","NFKB1","protein"
"Bcl-2|PPP1R50","BCL2","9606","ncbigene:596","false","BCL2","protein"
,"NMT2","9606","ncbigene:9397","false","NMT2","protein"
"NMT","NMT1","9606","ncbigene:4836","false","NMT1","protein"
"DNA-PKcs|DNAPK|DNPK1|HYRC|HYRC1|IMD26|XRCC7|p350","PRKDC","9606","ncbigene:5591","false","PRKDC","protein"
"HMG20","UBC","9606","ncbigene:7316","false","UBC","protein"
"A3F|ARP8|BK150C2.4.MRNA|KA6","APOBEC3F","9606","ncbigene:200316","false","APOBEC3F","protein"
"A3C|APOBEC1L|ARDC2|ARDC4|ARP5|PBI|bK150C2.3","APOBEC3C","9606","ncbigene:27350","false","APOBEC3C","protein"
"OCT1|OTF1|oct-1B","POU2F1","9606","ncbigene:5451","false","POU2F1","protein"
"ACTA|ASMA|CFTD|CFTD1|CFTDM|MPFD|NEM1|NEM2|NEM3","ACTA1","9606","ncbigene:58","false","ACTA1","protein"
"HLALS","MR1","9606","ncbigene:3140","false","MR1","protein"
"AP50|CLAPM1|mu2","AP2M1","9606","ncbigene:1173","false","AP2M1","protein"
"HC8|PSC3","PSMA3","9606","ncbigene:5684","false","PSMA3","protein"
"HC9|HsT17706|PSC9","PSMA4","9606","ncbigene:5685","false","PSMA4","protein"
"C6|HSPC|RC6-1|XAPC7","PSMA7","9606","ncbigene:5688","false","PSMA7","protein"
"HC5|PMSB1|PSC5","PSMB1","9606","ncbigene:5689","false","PSMB1","protein"
"HC7-I","PSMB2","9606","ncbigene:5690","false","PSMB2","protein"
"HC10-II","PSMB3","9606","ncbigene:5691","false","PSMB3","protein"
"LMPX|MB1|X","PSMB5","9606","ncbigene:5693","false","PSMB5","protein"
"DELTA|LMPY|Y","PSMB6","9606","ncbigene:5694","false","PSMB6","protein"
"Z","PSMB7","9606","ncbigene:5695","false","PSMB7","protein"
"ALDD|D6S216|D6S216E|JMP|LMP7|NKJO|PSMB5i|RING10","PSMB8","9606","ncbigene:5696","false","PSMB8","protein"
"LMP10|MECL1|beta2i","PSMB10","9606","ncbigene:5699","false","PSMB10","protein"
"IOTA|PROS27|p27K","PSMA6","9606","ncbigene:5687","false","PSMA6","protein"
"P26S4|S4|p56","PSMC1","9606","ncbigene:5700","false","PSMC1","protein"
"HN3|HsN3|PROS-26|PROS26","PSMB4","9606","ncbigene:5692","false","PSMB4","protein"
"ESA1|HTATIP|HTATIP1|PLIP|TIP|TIP60|ZC2HC5|cPLA2","KAT5","9606","ncbigene:10524","false","KAT5","protein"
"AIP1|ALIX|DRIP4|HP95","PDCD6IP","9606","ncbigene:10015","false","PDCD6IP","protein"
"C14orf123|CHMP4|CHMP4B|HSPC134|SHAX2|SNF7|SNF7-1|VPS32-1|VPS32A","CHMP4A","9606","ncbigene:29082","false","CHMP4A","protein"
"AP-1|AP1|c-Jun","JUN","9606","ncbigene:3725","false","JUN","protein"
"ADTG|CLAPG1","AP1G1","9606","ncbigene:164","false","AP1G1","protein"
"RNF73","RAD18","9606","ncbigene:56852","false","RAD18","protein"
"DDX9|LKP|NDH2|NDHII|RHA","DHX9","9606","ncbigene:1660","false","DHX9","protein"
"CRD-BP|CRDBP|IMP-1|IMP1|VICKZ1|ZBP1","IGF2BP1","9606","ncbigene:10642","false","IGF2BP1","protein"
"FMRP|FRAXA|POF|POF1","FMR1","9606","ncbigene:2332","false","FMR1","protein"
"FAT10|GABBR1|UBD-3","UBD","9606","ncbigene:10537","false","UBD","protein"
"DGU|HIGM4|HIGM5|UDG|UNG1|UNG15|UNG2","UNG","9606","ncbigene:7374","false","UNG","protein"
"FDG|HMUDG|UNG3","SMUG1","9606","ncbigene:23583","false","SMUG1","protein"
,"CUL1","9606","ncbigene:8454","false","CUL1","protein"
"AA959633|AL023035|AU019897|E430025J12Rik|Nedd4-1|Nedd4a|mKIAA0093","Nedd4","10090","ncbigene:17999","false","Nedd4","protein"
"ADMFD|AIF4|AIP4|NAPP1|dJ468O1.1","ITCH","9606","ncbigene:83737","false","ITCH","protein"
"C19orf58|PCIA1","DDA1","9606","ncbigene:79016","false","DDA1","protein"
"ASF|SF2|SF2p33|SFRS1|SRp30a","SRSF1","9606","ncbigene:6426","false","SRSF1","protein"
"KAT1","HAT1","9606","ncbigene:8520","false","HAT1","protein"
"2F1|AAC2|ANT2|T2|T3","SLC25A5","9606","ncbigene:292","false","SLC25A5","protein"
"PAG608|WIG-1|WIG1","ZMAT3","9606","ncbigene:64393","false","ZMAT3","protein"
"Imp4","IPO4","9606","ncbigene:79711","false","IPO4","protein"
"GTAR|NY-BR-16","ANKRD17","9606","ncbigene:26057","false","ANKRD17","protein"
"C1orf58","BROX","9606","ncbigene:148362","false","BROX","protein"
"HD-PTP|HDPTP|PTP-TD14","PTPN23","9606","ncbigene:25930","false","PTPN23","protein"
"CMT2A|CMT2A2|CPRP1|HSG|MARF","MFN2","9606","ncbigene:9927","false","MFN2","protein"
"DDBB|UV-DDB2","DDB2","9606","ncbigene:1643","false","DDB2","protein"
"S3","RPS3","9606","ncbigene:6188","false","RPS3","protein"
"PFD3|PFDN3|VBP-1","VBP1","9606","ncbigene:7411","false","VBP1","protein"
"HRCA1|RCA1|VHL1|pVHL","VHL","9606","ncbigene:7428","false","VHL","protein"
"HHR23A|HR23A","RAD23A","9606","ncbigene:5886","false","RAD23A","protein"
"HHR23B|HR23B|P58","RAD23B","9606","ncbigene:5887","false","RAD23B","protein"
"HRS","HGS","9606","ncbigene:9146","false","HGS","protein"
"C358B7.1|P18|UBC9","UBE2I","9606","ncbigene:7329","false","UBE2I","protein"
"DAP1|GMP1|OFC10|PIC1|SENP2|SMT3|SMT3C|SMT3H3|UBL1","SUMO1","9606","ncbigene:7341","false","SUMO1","protein"
"BING2|DAP6|EAP1","DAXX","9606","ncbigene:1616","false","DAXX","protein"
"CEB1|CEBP1","HERC5","9606","ncbigene:51191","false","HERC5","protein"
"HRB|RAB|RIP","AGFG1","9606","ncbigene:3267","false","AGFG1","protein"
"FBI-1|FBI1|LRF|ZBTB7|ZNF857A|pokemon","ZBTB7A","9606","ncbigene:51341","false","ZBTB7A","protein"
"BTF2|P62|TFB1|TFIIH","GTF2H1","9606","ncbigene:2965","false","GTF2H1","protein"
"BTF4|RAP30|TF2F2|TFIIF","GTF2F2","9606","ncbigene:2963","false","GTF2F2","protein"
"FE|TF2E2|TFIIE-B","GTF2E2","9606","ncbigene:2961","false","GTF2E2","protein"
"FE|TF2E1|TFIIE-A","GTF2E1","9606","ncbigene:2960","false","GTF2E1","protein"
"BBS11|HT2A|LGMD2H|TATIP","TRIM32","9606","ncbigene:22954","false","TRIM32","protein"
"ABIN-1|NAF1|VAN|nip40-1","TNIP1","9606","ncbigene:10318","false","TNIP1","protein"
"CG1|NLP-1|NLP_1|hCG1","NUPL2","9606","ncbigene:11097","false","NUPL2","protein"
"CAIN|CAN|D9S46E|N214|p250","NUP214","9606","ncbigene:8021","false","NUP214","protein"
"P145|POM121A","POM121","9606","ncbigene:9883","false","POM121","protein"
"FG-nucleoporin NUP57|L000002619","NUP57","559292","ncbigene:853016","false","NUP57","protein"
"RIP1|UIP1|FG-nucleoporin NUP42|L000002940","NUP42","559292","ncbigene:851774","false","NUP42","protein"
"BTF2|GTF2H|RAD25|TFIIH|XPB","ERCC3","9606","ncbigene:2071","false","ERCC3","protein"
"CAK1|CDKN7|HCAK|MO15|STK1|p39MO15","CDK7","9606","ncbigene:1022","false","CDK7","protein"
"CAK|CycH|p34|p37","CCNH","9606","ncbigene:902","false","CCNH","protein"
"HMP|MINOS2|P87|P87/89|P89|PIG52","IMMT","9606","ncbigene:10989","false","IMMT","protein"
"A170|OSIL|PDB3|ZIP3|p60|p62|p62B","SQSTM1","9606","ncbigene:8878","false","SQSTM1","protein"
"RNF88|TRIM5alpha","TRIM5","9606","ncbigene:85363","false","TRIM5","protein"
"LIS1|LIS2|MDCR|MDS|PAFAH","PAFAH1B1","9606","ncbigene:5048","false","PAFAH1B1","protein"
"BTRC2|BTRCP2|FBW1B|FBXW1B|Fbw11|Hos","FBXW11","9606","ncbigene:23291","false","FBXW11","protein"
"MEKK7|TAK1|TGF1a","MAP3K7","9606","ncbigene:6885","false","MAP3K7","protein"
"GIP|GNAI2B|H_LUCA15.1|H_LUCA16.1","GNAI2","9606","ncbigene:2771","false","GNAI2","protein"
"JTK8|p53Lyn|p56Lyn","LYN","9606","ncbigene:4067","false","LYN","protein"
"HsT441|P61-YES|Yes|c-yes","YES1","9606","ncbigene:7525","false","YES1","protein"
"BETA-PIX|COOL-1|COOL1|Nbla10314|P50|P50BP|P85|P85COOL1|P85SPR|PAK3|PIXB","ARHGEF7","9606","ncbigene:8874","false","ARHGEF7","protein"
"COOL2|Cool-2|MRX46|PIXA|alpha-PIX|alphaPIX","ARHGEF6","9606","ncbigene:9459","false","ARHGEF6","protein"
"NCK|NCKalpha|nck-1","NCK1","9606","ncbigene:4690","false","NCK1","protein"
"ARGBP2|PRO0618","SORBS2","9606","ncbigene:8470","false","SORBS2","protein"
"SCAM-1|SCAM1|SH3D4","SORBS3","9606","ncbigene:10174","false","SORBS3","protein"
"CAP|FLAF2|R85FL|SH3D5|SH3P12|SORB1","SORBS1","9606","ncbigene:10580","false","SORBS1","protein"
"POSH2|SH3MD4","SH3RF3","9606","ncbigene:344558","false","SH3RF3","protein"
"K35","CDK8","9606","ncbigene:1024","false","CDK8","protein"
"CycC","CCNC","9606","ncbigene:892","false","CCNC","protein"
"ARF-BP1|HECTH9|HSPC272|Ib772|LASU1|MULE|URE-B1|UREB1","HUWE1","9606","ncbigene:10075","false","HUWE1","protein"
"ARF|CDK4I|CDKN2|CMM2|INK4|INK4A|MLM|MTS-1|MTS1|P14|P14ARF|P16|P16-INK4A|P16INK4|P16INK4A|P19|P19ARF|TP16","CDKN2A","9606","ncbigene:1029","false","CDKN2A","protein"
"CAP35|MAT1|RNF66|TFB3","MNAT1","9606","ncbigene:4331","false","MNAT1","protein"
"CKBBP1|ROC2|SAG","RNF7","9606","ncbigene:9616","false","RNF7","protein"
"PEBP2B","CBFB","9606","ncbigene:865","false","CBFB","protein"
"C6orf133|bA49A4.1|dJ242G1.1|dJ392M17.3","UBR2","9606","ncbigene:23304","false","UBR2","protein"
"CHIP|HSPABP2|NY-CO-7|SCAR16|SDCCAG7|UBOX1","STUB1","9606","ncbigene:10273","false","STUB1","protein"
"HEL-S-283|Ki|PA28-gamma|PA28G|PA28gamma|REG-GAMMA","PSME3","9606","ncbigene:10197","false","PSME3","protein"
"HD3|RPD3|RPD3-2","HDAC3","9606","ncbigene:8841","false","HDAC3","protein"
"PRO2389|WDR23","DCAF11","9606","ncbigene:80344","false","DCAF11","protein"
"AMF-1","GPS2","9606","ncbigene:2874","false","GPS2","protein"
"DX254E|DXS254E|G6PD|GDX|GET5|MDY2|TMA24|UBL4","UBL4A","9606","ncbigene:8266","false","UBL4A","protein"
"NCE2","UBE2F","9606","ncbigene:140739","false","UBE2F","protein"
"MGC:45012|TRAP|TRAP3","TRAF2","9606","ncbigene:7186","false","TRAF2","protein"
"9030612K14Rik|AA407128|AU018647|C78273|ERK|Erk2|MAPK2|PRKM2|Prkm1|p41mapk|p42mapk","Mapk1","10090","ncbigene:26413","false","Mapk1","protein"
"ERK|ERK-2|ERK2|ERT1|MAPK2|P42MAPK|PRKM1|PRKM2|p38|p40|p41|p41mapk|p42-MAPK","MAPK1","9606","ncbigene:5594","false","MAPK1","protein"
"Nr1c3|PPAR-gamma|PPAR-gamma2|PPARgamma|PPARgamma2","Pparg","10090","ncbigene:19016","false","Pparg","protein"
"AR7|CHNG6|EAR7|ERB-T-1|ERBA|ERBA1|NR1A1|THRA1|THRA2|c-ERBA-1","THRA","9606","ncbigene:7067","false","THRA","protein"
"GPM6|M6A","GPM6A","9606","ncbigene:2823","false","GPM6A","protein"
"M6B","GPM6B","9606","ncbigene:2824","false","GPM6B","protein"
"HCNP|HCNPpp|HEL-210|HEL-S-34|PBP|PEBP|PEBP-1|RKIP","PEBP1","9606","ncbigene:5037","false","PEBP1","protein"
"EGLN4|HIFPH4|P4H-TM|PH-4|PH4|PHD4","P4HTM","9606","ncbigene:54681","false","P4HTM","protein"
"CYB5-M|CYPB5M|OMB5","CYB5B","9606","ncbigene:80777","false","CYB5B","protein"
"6C6-AG|BAP31|CDM|DDCH|DXS1357E","BCAP31","9606","ncbigene:10134","false","BCAP31","protein"
"ARHGAP2|CHN|DURS2|NC|RHOGAP2","CHN1","9606","ncbigene:1123","false","CHN1","protein"
"CD29|FNRB|GPIIA|MDF2|MSK12|VLA-BETA|VLAB","ITGB1","9606","ncbigene:3688","false","ITGB1","protein"
"8D6|8D6A|TCBLR","CD320","9606","ncbigene:51293","false","CD320","protein"
"A15|CCG-B7|CD231|DXS1692E|MRX58|MXS1|TALLA-1|TM4SF2|TM4SF2b","TSPAN7","9606","ncbigene:7102","false","TSPAN7","protein"
"APR--3|APR-3|APR3|C2orf28|PRO240|p18","ATRAID","9606","ncbigene:51374","false","ATRAID","protein"
"B3GN-T1|B3GNT1|B3GNT6|BETA3GNTI|MDDGA13|iGAT|iGNT","B4GAT1","9606","ncbigene:11041","false","B4GAT1","protein"
"CPETRL3|OSP-L","CLDN10","9606","ncbigene:9071","false","CLDN10","protein"
"CRP40|CSA|GRP-75|GRP75|HEL-S-124m|HSPA9B|MOT|MOT2|MTHSP75|PBP74","HSPA9","9606","ncbigene:3313","false","HSPA9","protein"
"ASRIJ|OCIA|TPA018","OCIAD1","9606","ncbigene:54940","false","OCIAD1","protein"
"STAG1|TMEPAI","PMEPA1","9606","ncbigene:56937","false","PMEPA1","protein"
"CRIg|Z39IG","VSIG4","9606","ncbigene:11326","false","VSIG4","protein"
,"VKORC1L1","9606","ncbigene:154807","false","VKORC1L1","protein"
"CLN12|HSA9947|KRPPD|PARK9","ATP13A2","9606","ncbigene:23400","false","ATP13A2","protein"
"16A|ATP6IP1|ATP6S1|Ac45|CF2|VATPS1|XAP-3|XAP3","ATP6AP1","9606","ncbigene:537","false","ATP6AP1","protein"
"COPT2|CTR2|hCTR2","SLC31A2","9606","ncbigene:1318","false","SLC31A2","protein"
"HIC","MDFIC","9606","ncbigene:29969","false","MDFIC","protein"
"BAF190|BRM|NCBRS|SNF2|SNF2L2|SNF2LA|SWI2|Sth1p|hBRM|hSNF2a","SMARCA2","9606","ncbigene:6595","false","SMARCA2","protein"
"BAF155|CRACC1|Rsc8|SRG3|SWI3","SMARCC1","9606","ncbigene:6599","false","SMARCC1","protein"
"GRIP1|KAT13C|NCoA-2|SRC2|TIF2|bHLHe75","NCOA2","9606","ncbigene:10499","false","NCOA2","protein"
"NAP1|NAP1L|NRP","NAP1L1","9606","ncbigene:4673","false","NAP1L1","protein"
"BETA-NAC|BTF3a|BTF3b|NACB","BTF3","9606","ncbigene:689","false","BTF3","protein"
"TRAP150","THRAP3","9606","ncbigene:9967","false","THRAP3","protein"
"HMG17","HMGN2","9606","ncbigene:3151","false","HMGN2","protein"
"BPM-L|BPM90|RANBPM|RanBP7","RANBP9","9606","ncbigene:10048","false","RANBP9","protein"
"EIF3S3|eIF3-gamma|eIF3-p40","EIF3H","9606","ncbigene:8667","false","EIF3H","protein"
"HNRNPA2|HNRNPB1|HNRPA2|HNRPA2B1|HNRPB1|IBMPFD2|RNPA2|SNRPB1","HNRNPA2B1","9606","ncbigene:3181","false","HNRNPA2B1","protein"
"C1orf215|LAP18|Lag|OP18|PP17|PP19|PR22|SMN","STMN1","9606","ncbigene:3925","false","STMN1","protein"
"L23|rpL17","RPL23","9606","ncbigene:9349","false","RPL23","protein"
"CCDC32","C15orf57","9606","ncbigene:90416","false","C15orf57","protein"
"EIF3S7|eIF3-p66|eIF3-zeta","EIF3D","9606","ncbigene:8664","false","EIF3D","protein"
"HNRPL|hnRNP-L","HNRNPL","9606","ncbigene:3191","false","HNRNPL","protein"
"HNRPU|SAF-A|U21.1|hnRNP U","HNRNPU","9606","ncbigene:3192","false","HNRNPU","protein"
"NMP200|PRP19|PSO4|SNEV|UBOX4|hPSO4","PRPF19","9606","ncbigene:27339","false","PRPF19","protein"
"CAP|HUNK1|HUNKI|MCAP","BRD4","9606","ncbigene:23476","false","BRD4","protein"
"CTRCT30|HEL113","VIM","9606","ncbigene:7431","false","VIM","protein"
"LP|PCH2D|SLA|SLA/LP","SEPSECS","9606","ncbigene:51091","false","SEPSECS","protein"
"FLARA3|HSPC068|KLHL39|ND1|NS-1|NS1-BP|NS1BP","IVNS1ABP","9606","ncbigene:10625","false","IVNS1ABP","protein"
"R27090_2","DDX49","9606","ncbigene:54555","false","DDX49","protein"
"ANM1|HCP1|HRMT1L2|IR1B4","PRMT1","9606","ncbigene:3276","false","PRMT1","protein"
"DOC45|GBP45|GTBP9|GTPBP9","OLA1","9606","ncbigene:29789","false","OLA1","protein"
"EIF2AK1|PKR|PPP1R83|PRKR","EIF2AK2","9606","ncbigene:5610","false","EIF2AK2","protein"
"EARS|GLUPRORS|PARS|QARS|QPRS","EPRS","9606","ncbigene:2058","false","EPRS","protein"
"AIMP3|P18","EEF1E1","9606","ncbigene:9521","false","EEF1E1","protein"
"HBSL|aspRS","DARS","9606","ncbigene:1615","false","DARS","protein"
"ArgRS|DALRD1","RARS","9606","ncbigene:5917","false","RARS","protein"
"EMAP2|EMAPII|HLD3|SCYE1|p43","AIMP1","9606","ncbigene:9255","false","AIMP1","protein"
"HARSL|HARSR|HO3|PRLTS2","HARS2","9606","ncbigene:23438","false","HARS2","protein"
"METRS|MRS|MTRNS|SPG70","MARS","9606","ncbigene:4141","false","MARS","protein"
"CMTRIB|DFNB89|KARS1|KARS2|KRS","KARS","9606","ncbigene:3735","false","KARS","protein"
"HSPC192|ILFS1|LARS1|LEURS|LEUS|LFIS|LRS|PIG44|RNTLS|hr025Cl","LARS","9606","ncbigene:51520","false","LARS","protein"
"GLNRS|MSCCA|PRO2195","QARS","9606","ncbigene:5859","false","QARS","protein"
"ThrRS","TARS","9606","ncbigene:6897","false","TARS","protein"
"IARS1|ILERS|ILRS|IRS|PRO0785","IARS","9606","ncbigene:3376","false","IARS","protein"
"SLM5|asnRS","NARS2","9606","ncbigene:79731","false","NARS2","protein"
"JTV-1|JTV1|P38","AIMP2","9606","ncbigene:7965","false","AIMP2","protein"
"MDA-9|MDA9|ST1|SYCL|TACIP18","SDCBP","9606","ncbigene:6386","false","SDCBP","protein"
"NOPP130|NOPP140|NS5ATP13|P130","NOLC1","9606","ncbigene:9221","false","NOLC1","protein"
"BBS16|CCCAP|CCCAP SLSN7|NPHP10|NY-CO-8|SLSN7|hCCCAP","SDCCAG8","9606","ncbigene:10806","false","SDCCAG8","protein"
"RAI|RNH","RNH1","9606","ncbigene:6050","false","RNH1","protein"
,"THUMPD1","9606","ncbigene:55623","false","THUMPD1","protein"
,"LRRC47","9606","ncbigene:57470","false","LRRC47","protein"
"D1S155E|UNR","CSDE1","9606","ncbigene:7812","false","CSDE1","protein"
"MAWD|PT-WD|UNRIP","STRAP","9606","ncbigene:11171","false","STRAP","protein"
"M130|MBS|MYPT1","PPP1R12A","9606","ncbigene:4659","false","PPP1R12A","protein"
"ARVD13|VR22","CTNNA3","9606","ncbigene:29119","false","CTNNA3","protein"
,"YTHDF3","9606","ncbigene:253943","false","YTHDF3","protein"
"Nop25|dJ37E16.7","NOL12","9606","ncbigene:79159","false","NOL12","protein"
"15.5K|FA-1|FA1|NHPX|OTK27|SNRNP15-5|SNU13|SPAG12|SSFA1","NHP2L1","9606","ncbigene:4809","false","NHP2L1","protein"
"L11MT|MRP-L11","MRPL11","9606","ncbigene:65003","false","MRPL11","protein"
"EIF3CL|EIF3S8|eIF3-p110","EIF3C","9606","ncbigene:8663","false","EIF3C","protein"
"EIF3EIP|EIF3S11|EIF3S6IP|HSPC021|HSPC025|MSTP005","EIF3L","9606","ncbigene:51386","false","EIF3L","protein"
"EIF3-p28|EIF3S12|HSPC029|M9|MSTP001|PLAC-24|PLAC24|PRO1474|PTD001","EIF3K","9606","ncbigene:27335","false","EIF3K","protein"
"RBAF600|ZUBR1|p600","UBR4","9606","ncbigene:23352","false","UBR4","protein"
"ORP-3|ORP3|OSBP3","OSBPL3","9606","ncbigene:26031","false","OSBPL3","protein"
"ERP70|ERP72|ERp-72","PDIA4","9606","ncbigene:9601","false","PDIA4","protein"
"HIRIP|HIRIP5|MMDS1|NIFUC|Nfu|NifU","NFU1","9606","ncbigene:27247","false","NFU1","protein"
"A-BETA|MTDPS5|SCS-betaA","SUCLA2","9606","ncbigene:8803","false","SUCLA2","protein"
"ERP5|P5|TXNDC7","PDIA6","9606","ncbigene:10130","false","PDIA6","protein"
"PRO1770","PELO","9606","ncbigene:53918","false","PELO","protein"
"HEL-S-84|PIG20|RCAL|RCN","RCN1","9606","ncbigene:5954","false","RCN1","protein"
"DBC-1|DBC1|KIAA1967|NET35|p30 DBC|p30DBC","CCAR2","9606","ncbigene:57805","false","CCAR2","protein"
"NET41","TYSND1","9606","ncbigene:219743","false","TYSND1","protein"
"EIF3S2|PRO2242|TRIP-1|TRIP1|eIF3-beta|eIF3-p36","EIF3I","9606","ncbigene:8668","false","EIF3I","protein"
"EPP|FCE","FECH","9606","ncbigene:2235","false","FECH","protein"
"RECQL1|RecQ1","RECQL","9606","ncbigene:5965","false","RECQL","protein"
"90K|BTBD17B|CyCAP|M2BP|MAC-2-BP|TANGO10B|gp90","LGALS3BP","9606","ncbigene:3959","false","LGALS3BP","protein"
,"LIMD1","9606","ncbigene:8994","false","LIMD1","protein"
"EIF3-P42|EIF3S4|eIF3-delta|eIF3-p44","EIF3G","9606","ncbigene:8666","false","EIF3G","protein"
"APPS|CPSB","CTSB","9606","ncbigene:1508","false","CTSB","protein"
"R2|RR2|RR2M","RRM2","9606","ncbigene:6241","false","RRM2","protein"
"CDC21|CDC54|NKCD|NKGCD|P1-CDC21|hCdc21","MCM4","9606","ncbigene:4173","false","MCM4","protein"
"ASH|EGFRBP-GRB2|Grb3-3|MST084|MSTP084|NCKAP2","GRB2","9606","ncbigene:2885","false","GRB2","protein"
"PP2Abeta|PP2CB","PPP2CB","9606","ncbigene:5516","false","PPP2CB","protein"
"APC2","ANAPC2","9606","ncbigene:29882","false","ANAPC2","protein"
"HNUDC|MNUDC|NPD011","NUDC","9606","ncbigene:10726","false","NUDC","protein"
,"IDH3A","9606","ncbigene:3419","false","IDH3A","protein"
"ARB2|ARR2|BARR2","ARRB2","9606","ncbigene:409","false","ARRB2","protein"
"p27","SSSCA1","9606","ncbigene:10534","false","SSSCA1","protein"
"golgin-97","GOLGA1","9606","ncbigene:2800","false","GOLGA1","protein"
"CHARAC17|CHRAC17|YBL1|p17","POLE3","9606","ncbigene:54107","false","POLE3","protein"
"CRCS12|FILS|POLE1","POLE","9606","ncbigene:5426","false","POLE","protein"
"BRP16|BRP16L|C8orf30A|C8orf30B|FAM203A|FAM203B","HGH1","9606","ncbigene:51236","false","HGH1","protein"
"PRP9|PRPF9|SAP61|SF3a60","SF3A3","9606","ncbigene:10946","false","SF3A3","protein"
"D15F37S1|MRT38|SHEP1|jdf2|p528","HERC2","9606","ncbigene:8924","false","HERC2","protein"
,"FNIP1","9606","ncbigene:96459","false","FNIP1","protein"
"DFNA1|DIA1|DRF1|LFHL1|hDIA1","DIAPH1","9606","ncbigene:1729","false","DIAPH1","protein"
"BHD|FLCL","FLCN","9606","ncbigene:201163","false","FLCN","protein"
"YHHQ1|p12","POLE4","9606","ncbigene:56655","false","POLE4","protein"
"B5|PCID1|TANGO7|hfl-B5","EIF3M","9606","ncbigene:10480","false","EIF3M","protein"
"CED|CED1|SPG|WDR10|WDR10p|WDR140","IFT122","9606","ncbigene:55764","false","IFT122","protein"
"LARG|PRO2792","ARHGEF12","9606","ncbigene:23365","false","ARHGEF12","protein"
"HLRC1|hDOHH","DOHH","9606","ncbigene:83475","false","DOHH","protein"
"EPIPL|EPIPL1","EPPK1","9606","ncbigene:83481","false","EPPK1","protein"
"GC79|LGCR","TRPS1","9606","ncbigene:7227","false","TRPS1","protein"
"ARA|FKHL7|FREAC-3|FREAC3|IGDA|IHG1|IRID1|RIEG3","FOXC1","9606","ncbigene:2296","false","FOXC1","protein"
"ALSS","ALMS1","9606","ncbigene:7840","false","ALMS1","protein"
"ORP6","OSBPL6","9606","ncbigene:114880","false","OSBPL6","protein"
"SERRS|SERS","SARS","9606","ncbigene:6301","false","SARS","protein"
"PRMT4","CARM1","9606","ncbigene:10498","false","CARM1","protein"
"C17orf31|EST1A|SMG-6|hSMG5/7a","SMG6","9606","ncbigene:23293","false","SMG6","protein"
"PUMH2|PUML2","PUM2","9606","ncbigene:23369","false","PUM2","protein"
"APC1|MCPR|TSG24","ANAPC1","9606","ncbigene:64682","false","ANAPC1","protein"
"COCA1|FCC1|HNPCC|HNPCC1|LCFS2","MSH2","9606","ncbigene:4436","false","MSH2","protein"
"ADPRTL1|ARTD4|PARP-4|PARPL|PH5P|VAULT3|VPARP|VWA5C|p193","PARP4","9606","ncbigene:143","false","PARP4","protein"
"AKAP-9|AKAP350|AKAP450|CG-NAP|HYPERION|LQT11|MU-RMS-40.16A|PPP1R45|PRKA9|YOTIAO","AKAP9","9606","ncbigene:10142","false","AKAP9","protein"
"P62DOK","DOK1","9606","ncbigene:1796","false","DOK1","protein"
"BCL2L3|EAT|MCL1-ES|MCL1L|MCL1S|Mcl-1|TM|bcl2-L-3|mcl1/EAT","MCL1","9606","ncbigene:4170","false","MCL1","protein"
"FAD1|FADS","FLAD1","9606","ncbigene:80308","false","FLAD1","protein"
"SAHH|adoHcyase","AHCY","9606","ncbigene:191","false","AHCY","protein"
"SMALED2|bA526D8.1","BICD2","9606","ncbigene:23299","false","BICD2","protein"
"FKBP51|FKBP52|FKBP59|HBI|Hsp56|PPIase|p52","FKBP4","9606","ncbigene:2288","false","FKBP4","protein"
"DNAJ26|DNAJC26","GAK","9606","ncbigene:2580","false","GAK","protein"
"NF-AT5|NFATL1|NFATZ|OREBP|TONEBP","NFAT5","9606","ncbigene:10725","false","NFAT5","protein"
"ELP95","EML3","9606","ncbigene:256364","false","EML3","protein"
"EBP50|NHERF|NHERF-1|NHERF1|NPHLOP2","SLC9A3R1","9606","ncbigene:9368","false","SLC9A3R1","protein"
"fSAP121","KIAA1429","9606","ncbigene:25962","false","KIAA1429","protein"
"CKMT1","CKMT1A","9606","ncbigene:548596","false","CKMT1A","protein"
"CKMT|CKMT1|UMTCK","CKMT1B","9606","ncbigene:1159","false","CKMT1B","protein"
"GC-UNC45|GCUNC-45|GCUNC45|IRO039700|SMAP-1|SMAP1|UNC-45A","UNC45A","9606","ncbigene:55898","false","UNC45A","protein"
"EDS6|LH|LH1|LLH|PLOD","PLOD1","9606","ncbigene:5351","false","PLOD1","protein"
"MIP18","FAM96B","9606","ncbigene:51647","false","FAM96B","protein"
"TIP120B|Tp120b","CAND2","9606","ncbigene:23066","false","CAND2","protein"
"A1S9|A1S9T|A1ST|AMCX1|CFAP124|GXP1|POC20|SMAX2|UBA1A|UBE1|UBE1X","UBA1","9606","ncbigene:7317","false","UBA1","protein"
"C6orf74|NS5ATP2|dJ167O5.2","HDDC2","9606","ncbigene:51020","false","HDDC2","protein"
"REC14|SKI8","WDR61","9606","ncbigene:80349","false","WDR61","protein"
"DOA1|PLA2P|PLAP","PLAA","9606","ncbigene:9373","false","PLAA","protein"
"BAP28|UTP10","HEATR1","9606","ncbigene:55127","false","HEATR1","protein"
,"RANBP6","9606","ncbigene:26953","false","RANBP6","protein"
"14-3-3E|HEL2|KCIP-1|MDCR|MDS","YWHAE","9606","ncbigene:7531","false","YWHAE","protein"
"CIA1|WDR39","CIAO1","9606","ncbigene:9391","false","CIAO1","protein"
"GW128|HEL-S-1|HS1|KCIP-1|YWHAA","YWHAB","9606","ncbigene:7529","false","YWHAB","protein"
"ZNT7|ZnT-7|ZnTL2","SLC30A7","9606","ncbigene:148867","false","SLC30A7","protein"
"LH2|TLH","PLOD2","9606","ncbigene:5352","false","PLOD2","protein"
"14-3-3-zeta|HEL-S-3|HEL4|KCIP-1|YWHAD","YWHAZ","9606","ncbigene:7534","false","YWHAZ","protein"
"14-3-3GAMMA|PPP1R170","YWHAG","9606","ncbigene:7532","false","YWHAG","protein"
"DCWHKTA|DP|DPI|DPII","DSP","9606","ncbigene:1832","false","DSP","protein"
"DCAF3|WDR94","AMBRA1","9606","ncbigene:55626","false","AMBRA1","protein"
"DJ11|DJC7|TPR2|TTC2","DNAJC7","9606","ncbigene:7266","false","DNAJC7","protein"
"N-CoR|N-CoR1|PPP1R109|TRAC1|hN-CoR","NCOR1","9606","ncbigene:9611","false","NCOR1","protein"
"DLXIN-1|NRAGE","MAGED1","9606","ncbigene:9500","false","MAGED1","protein"
"C21|DC42|IRA1|TBLR1","TBL1XR1","9606","ncbigene:79718","false","TBL1XR1","protein"
"HA95|HAP95|NAKAP|NAKAP95","AKAP8L","9606","ncbigene:26993","false","AKAP8L","protein"
"BAG-6|BAT3|D6S52E|G3","BAG6","9606","ncbigene:7917","false","BAG6","protein"
"DSMA5|HSJ-1|HSJ1|HSPF3","DNAJB2","9606","ncbigene:3300","false","DNAJB2","protein"
"ERK3|HsT17250|PRKM6|p97MAPK","MAPK6","9606","ncbigene:5597","false","MAPK6","protein"
"DHC1|DHC1a|DNCH1|DNCL|DNECL|DYHC|Dnchc1|HL-3|SMALED1|p22","DYNC1H1","9606","ncbigene:1778","false","DYNC1H1","protein"
"MASK|VBARP","ANKHD1","9606","ncbigene:54882","false","ANKHD1","protein"
"GOPP1|GPP34|MIDAS|Vps74","GOLPH3","9606","ncbigene:64083","false","GOLPH3","protein"
"DNCI2|IC2","DYNC1I2","9606","ncbigene:1781","false","DYNC1I2","protein"
"FAM68A|KAB|KIAA0470","CEP170","9606","ncbigene:9859","false","CEP170","protein"
"HEL-S-98n","COMT","9606","ncbigene:1312","false","COMT","protein"
"CDG2B|CWH41|DER7|GCS1","MOGS","9606","ncbigene:7841","false","MOGS","protein"
"ANKRD13|NY-REN-25","ANKRD13A","9606","ncbigene:88455","false","ANKRD13A","protein"
"CI-23k|CI23KD|TYKY","NDUFS8","9606","ncbigene:4728","false","NDUFS8","protein"
"BCD541|GEMIN1|SMA|SMA1|SMA2|SMA3|SMA4|SMA@|SMN|SMNT|T-BCD541|TDRD16A","SMN1","9606","ncbigene:6606","false","SMN1","protein"
"BCD541|C-BCD541|GEMIN1|SMNC|TDRD16B","SMN2","9606","ncbigene:6607","false","SMN2","protein"
,"DPY19L1","9606","ncbigene:23333","false","DPY19L1","protein"
,"GEMIN6","9606","ncbigene:79833","false","GEMIN6","protein"
"ADAP-S|ADAS|ADHAPS|ADPS|ALDHPSY","AGPS","9606","ncbigene:8540","false","AGPS","protein"
"GAN2|H326|WDR42A","DCAF8","9606","ncbigene:50717","false","DCAF8","protein"
"CSN4","COPS4","9606","ncbigene:51138","false","COPS4","protein"
"CSN6|MOV34-34KD","COPS6","9606","ncbigene:10980","false","COPS6","protein"
"CSN3|SGN3","COPS3","9606","ncbigene:8533","false","COPS3","protein"
"SIP1|SIP1-delta","GEMIN2","9606","ncbigene:8487","false","GEMIN2","protein"
"ALIEN|CSN2|SGN2|TRIP15","COPS2","9606","ncbigene:9318","false","COPS2","protein"
"MIMP|SLC25A50","MTCH2","9606","ncbigene:23788","false","MTCH2","protein"
"COP9|CSN8|SGN8","COPS8","9606","ncbigene:10920","false","COPS8","protein"
"COPS1|CSN1","GPS1","9606","ncbigene:2873","false","GPS1","protein"
,"ACBD5","9606","ncbigene:91452","false","ACBD5","protein"
,"DPY19L3","9606","ncbigene:147991","false","DPY19L3","protein"
"ABC43|PMP70|PXMP1|ZWS2","ABCD3","9606","ncbigene:5825","false","ABCD3","protein"
"DP103|GEMIN3","DDX20","9606","ncbigene:11218","false","DDX20","protein"
"MSTP041","CCDC47","9606","ncbigene:57003","false","CCDC47","protein"
"C17orf35|PM1|PMI","TMEM11","9606","ncbigene:8834","false","TMEM11","protein"
"HC56|HCAP1|HHRF-1|p97","GEMIN4","9606","ncbigene:50628","false","GEMIN4","protein"
"NEDD4-2|NEDD4.2|RSP5|hNEDD4-2","NEDD4L","9606","ncbigene:23327","false","NEDD4L","protein"
"SIP3","GEMIN7","9606","ncbigene:79760","false","GEMIN7","protein"
"TUBL3","TULP3","9606","ncbigene:7289","false","TULP3","protein"
"EST20237|M-ABC2|MTABC2","ABCB10","9606","ncbigene:23456","false","ABCB10","protein"
"CSN5|JAB1|MOV-34|SGN5","COPS5","9606","ncbigene:10987","false","COPS5","protein"
,"TMEM160","9606","ncbigene:54958","false","TMEM160","protein"
"CLONE-23970|GP130|LRP130|LSFC","LRPPRC","9606","ncbigene:10128","false","LRPPRC","protein"
"C14orf156|DC50|PD04872","SLIRP","9606","ncbigene:81892","false","SLIRP","protein"
"C1orf3","SCAMP3","9606","ncbigene:10067","false","SCAMP3","protein"
"ECHA|GBP|HADH|LCEH|LCHAD|MTPA|TP-ALPHA","HADHA","9606","ncbigene:3030","false","HADHA","protein"
"Imp9","IPO9","9606","ncbigene:55705","false","IPO9","protein"
,"ATAD3A","9606","ncbigene:55210","false","ATAD3A","protein"
"EMC19|OCP-II|OCP2|SKP1A|TCEB1L|p19A","SKP1","9606","ncbigene:6500","false","SKP1","protein"
"C14orf9","TMEM55B","9606","ncbigene:90809","false","TMEM55B","protein"
"B5R.1|B5R1|B5R2|NQO3A2|humb5R2","CYB5R1","9606","ncbigene:51706","false","CYB5R1","protein"
"ECHB|MTPB|TP-BETA","HADHB","9606","ncbigene:3032","false","HADHB","protein"
"ASYIP|HAP|NSPL2|NSPLII|RTN3-A1","RTN3","9606","ncbigene:10313","false","RTN3","protein"
"ASY|NI220/250|NOGO|NOGO-A|NOGOC|NSP|NSP-CL|Nbla00271|Nbla10545|Nogo-B|Nogo-C|RTN-X|RTN4-A|RTN4-B1|RTN4-B2|RTN4-C","RTN4","9606","ncbigene:57142","false","RTN4","protein"
"E46L|HUMEEP|SCA10","ATXN10","9606","ncbigene:25814","false","ATXN10","protein"
"ATP5|ATP5A|ATPM|CF6|F6","ATP5J","9606","ncbigene:522","false","ATP5J","protein"
"AAA-TOB3|TOB3","ATAD3B","9606","ncbigene:83858","false","ATAD3B","protein"
"PIG47","ATP5F1","9606","ncbigene:515","false","ATP5F1","protein"
"L3|LASS2|SP260|TMSG1","CERS2","9606","ncbigene:29956","false","CERS2","protein"
"RAB7-GAP","TBC1D15","9606","ncbigene:64786","false","TBC1D15","protein"
"ATPO|OSCP","ATP5O","9606","ncbigene:539","false","ATP5O","protein"
"ATPQ","ATP5H","9606","ncbigene:10476","false","ATP5H","protein"
"CPR2|FASTKD4","TBRG4","9606","ncbigene:9238","false","TBRG4","protein"
"HTF9A","RANBP1","9606","ncbigene:5902","false","RANBP1","protein"
"ARFGEP1|BIG1|P200","ARFGEF1","9606","ncbigene:10565","false","ARFGEF1","protein"
"NEDD-8","NEDD8","9606","ncbigene:4738","false","NEDD8","protein"
"ATPMB|ATPSB|HEL-S-271","ATP5B","9606","ncbigene:506","false","ATP5B","protein"
"CAP-D3|CAPD3|hCAP-D3|hHCP-6|hcp-6","NCAPD3","9606","ncbigene:23310","false","NCAPD3","protein"
"ACS3|FACL3|PRO2194","ACSL3","9606","ncbigene:2181","false","ACSL3","protein"
"PMCA1|PMCA1kb","ATP2B1","9606","ncbigene:490","false","ATP2B1","protein"
"KAR|SDR12C1","HSD17B12","9606","ncbigene:51144","false","HSD17B12","protein"
"BIG2|PVNH2|dJ1164I10.1","ARFGEF2","9606","ncbigene:10564","false","ARFGEF2","protein"
,"TMEM192","9606","ncbigene:201931","false","TMEM192","protein"
"CASPR|CNTNAP|NRXN4|P190","CNTNAP1","9606","ncbigene:8506","false","CNTNAP1","protein"
,"ATP5D","9606","ncbigene:513","false","ATP5D","protein"
"CHP|SLC9A1BP|Sid470p|p22|p24","CHP1","9606","ncbigene:11261","false","CHP1","protein"
"S1PL|SPL","SGPL1","9606","ncbigene:8879","false","SGPL1","protein"
"HIMAP3|IAN-5|IAN4|IAN4L1|IAN5|IMAP3|IROD","GIMAP5","9606","ncbigene:55340","false","GIMAP5","protein"
"P23|TEBP|cPGES","PTGES3","9606","ncbigene:10728","false","PTGES3","protein"
"HEL70","MSN","9606","ncbigene:4478","false","MSN","protein"
"exp5","XPO5","9606","ncbigene:57510","false","XPO5","protein"
"CD102","ICAM2","9606","ncbigene:3384","false","ICAM2","protein"
"ACSVL4|FATP4|IPS","SLC27A4","9606","ncbigene:10999","false","SLC27A4","protein"
"DAGLBETA|KCCR13L","DAGLB","9606","ncbigene:221955","false","DAGLB","protein"
"SEC12","PREB","9606","ncbigene:10113","false","PREB","protein"
,"PPP2R5E","9606","ncbigene:5529","false","PPP2R5E","protein"
"MVA2|PIG8|TSP57","CEP57","9606","ncbigene:9702","false","CEP57","protein"
"exp4","XPO4","9606","ncbigene:64328","false","XPO4","protein"
"AF5Q31|MCEF","AFF4","9606","ncbigene:27125","false","AFF4","protein"
"DCAL|IRBIT|PPP1R78|PRO0233|XPVKONA","AHCYL1","9606","ncbigene:10768","false","AHCYL1","protein"
"BCDIN3","MEPCE","9606","ncbigene:56257","false","MEPCE","protein"
"ADOHCYASE3","AHCYL2","9606","ncbigene:23382","false","AHCYL2","protein"
"ALAZS|PIP7S","LARP7","9606","ncbigene:51574","false","LARP7","protein"
"NAP1L4b|NAP2|NAP2L|hNAP2","NAP1L4","9606","ncbigene:4676","false","NAP1L4","protein"
"PORMIN|TMEM123","NPM3","9606","ncbigene:10360","false","NPM3","protein"
"DMS-8|DSM-8|PZF|ZFP-91|ZNF757","ZFP91","9606","ncbigene:80829","false","ZFP91","protein"
"AF4|MLLT2|PBM1","AFF1","9606","ncbigene:4299","false","AFF1","protein"
"PP2CG|PP2CGAMMA|PPP2CG","PPM1G","9606","ncbigene:5496","false","PPM1G","protein"
"C4orf30","DCAF16","9606","ncbigene:54876","false","DCAF16","protein"
"CCA|DA9|EOMD","FBN2","9606","ncbigene:2201","false","FBN2","protein"
"UHX1","USP11","9606","ncbigene:8237","false","USP11","protein"
,"FAM98A","9606","ncbigene:25940","false","FAM98A","protein"
,"ZNF579","9606","ncbigene:163033","false","ZNF579","protein"
"FBA|FBX3","FBXO3","9606","ncbigene:26273","false","FBXO3","protein"
"E2-230K","UBE2O","9606","ncbigene:63893","false","UBE2O","protein"
"2H9|HNRPH3","HNRNPH3","9606","ncbigene:3189","false","HNRNPH3","protein"
"ENL|LTG19|YEATS1","MLLT1","9606","ncbigene:4298","false","MLLT1","protein"
"300-KD|CWF21|Cwc21|SRL300|SRm300","SRRM2","9606","ncbigene:23524","false","SRRM2","protein"
"GMP25|HSGP25L2G|p25","TMED9","9606","ncbigene:54732","false","TMED9","protein"
"P24(DELTA)|S31I125|S31III125|TMP21|Tmp-21-I|p23","TMED10","9606","ncbigene:10972","false","TMED10","protein"
"MRP-S9|RPMS9|S9mt","MRPS9","9606","ncbigene:64965","false","MRPS9","protein"
"Mt-SSB|SOSS-B1|SSBP|mtSSB","SSBP1","9606","ncbigene:6742","false","SSBP1","protein"
"MRP-S28|MRP-S35|MRPS35","MRPS28","9606","ncbigene:28957","false","MRPS28","protein"
"ERS25|GMP25iso|HNLF|p24alpha3","TMED4","9606","ncbigene:222068","false","TMED4","protein"
"CSA2|RED","IK","9606","ncbigene:3550","false","IK","protein"
"L31MT|L42MT|MRP-L31|MRP-L42|MRP-S32|MRPL31|MRPS32|PTD007|RPML31|S32MT","MRPL42","9606","ncbigene:28977","false","MRPL42","protein"
"C10orf34|C2360|MRP-S37","CHCHD1","9606","ncbigene:118487","false","CHCHD1","protein"
"P59SCR|SCR59|SPATA10","SPATS2","9606","ncbigene:65244","false","SPATS2","protein"
,"MITD1","9606","ncbigene:129531","false","MITD1","protein"
,"KIF21B","9606","ncbigene:23046","false","KIF21B","protein"
"AAG|ADPG|APNG|CRA36.1|MDG|Mid1|PIG11|PIG16|anpg","MPG","9606","ncbigene:4350","false","MPG","protein"
"HPT|MRS2L","MRS2","9606","ncbigene:57380","false","MRS2","protein"
"BWD|SMU-1|fSAP57","SMU1","9606","ncbigene:55234","false","SMU1","protein"
"GPATC4","GPATCH4","9606","ncbigene:54865","false","GPATCH4","protein"
"HNAACTE|PTE-1|PTE-2|PTE1|PTE2|hACTE-III|hTE","ACOT8","9606","ncbigene:10005","false","ACOT8","protein"
"NMDMC","MTHFD2","9606","ncbigene:10797","false","MTHFD2","protein"
"ERGIC-32|ERGIC32|NET24","ERGIC1","9606","ncbigene:57222","false","ERGIC1","protein"
"SEC8|SEC8L1|Sec8p","EXOC4","9606","ncbigene:60412","false","EXOC4","protein"
"CMD1GG|FP|PGL5|SDH1|SDH2|SDHF","SDHA","9606","ncbigene:6389","false","SDHA","protein"
"CGI-64|PIG60|PSAP|SLC25A49","MTCH1","9606","ncbigene:23787","false","MTCH1","protein"
"G2AN|GLUII","GANAB","9606","ncbigene:23193","false","GANAB","protein"
"ABBP-2|ABBP2|DJ9|Dj-9|EDJ|ERdj3|ERj3|ERj3p|PRO1080|UNQ537","DNAJB11","9606","ncbigene:51726","false","DNAJB11","protein"
"C2orf30|CIM|CL24936|CL25084|HEL117|XTP3-B|XTP3TPB","ERLEC1","9606","ncbigene:27248","false","ERLEC1","protein"
"ERGIC-53|ERGIC53|F5F8D|FMFD1|MCFD1|MR60|gp58","LMAN1","9606","ncbigene:3998","false","LMAN1","protein"
,"SDF2L1","9606","ncbigene:23753","false","SDF2L1","protein"
"PRO1063|SEL1-LIKE|SEL1L1","SEL1L","9606","ncbigene:6400","false","SEL1L","protein"
"AGE-R2|G19P1|PCLD|PKCSH|PLD1","PRKCSH","9606","ncbigene:5589","false","PRKCSH","protein"
,"SDF2","9606","ncbigene:6388","false","SDF2","protein"
"CRT|HEL-S-99n|RO|SSA|cC1qR","CALR","9606","ncbigene:811","false","CALR","protein"
"CLIMP-63|ERGIC-63|p63","CKAP4","9606","ncbigene:10970","false","CKAP4","protein"
"UNC84A","SUN1","9606","ncbigene:23353","false","SUN1","protein"
"HUGT1|UGCGL1|UGT1","UGGT1","9606","ncbigene:56886","false","UGGT1","protein"
"ABRI|BRI|BRI2|BRICD2B|E25B|E3-16|FBD|RDGCA|imBRI2","ITM2B","9606","ncbigene:9445","false","ITM2B","protein"
"CNX|IP90|P90","CANX","9606","ncbigene:821","false","CANX","protein"
"POR","VDAC2","9606","ncbigene:7417","false","VDAC2","protein"
"HC2|HEL-S-275|NU|PROS30","PSMA1","9606","ncbigene:5682","false","PSMA1","protein"
"COX4|COX4-1|COXIV","COX4I1","9606","ncbigene:1327","false","COX4I1","protein"
"OST1|RBPH1","RPN1","9606","ncbigene:6184","false","RPN1","protein"
"ATP2B|DAR|DD|SERCA2","ATP2A2","9606","ncbigene:488","false","ATP2A2","protein"
"DSI|ERBA2L|GIT|P4Hbeta|PDI|PDIA1|PHDB|PO4DB|PO4HB|PROHB","P4HB","9606","ncbigene:5034","false","P4HB","protein"
"HPR6.6|MPR","PGRMC1","9606","ncbigene:10857","false","PGRMC1","protein"
,"PON2","9606","ncbigene:5445","false","PON2","protein"
"ERLEC2|OS-9","OS9","9606","ncbigene:10956","false","OS9","protein"
"HSN1F","ATL3","9606","ncbigene:25923","false","ATL3","protein"
"SEC13L|SEH1A|SEH1B|Seh1","SEH1L","9606","ncbigene:81929","false","SEH1L","protein"
"CAF-1|CAF-IP60|CAF1|CAF1A|CAF1P60|MPHOSPH7|MPP7","CHAF1B","9606","ncbigene:8208","false","CHAF1B","protein"
"CDHF3|DSC|DSC1|DSC2|DSC4|HT-CP","DSC3","9606","ncbigene:1825","false","DSC3","protein"
"GCP60|GOCAP1|GOLPH1|PAP7","ACBD3","9606","ncbigene:64746","false","ACBD3","protein"
"ER60|ERp57|ERp60|ERp61|GRP57|GRP58|HEL-S-269|HEL-S-93n|HsT17083|P58|PI-PLC","PDIA3","9606","ncbigene:2923","false","PDIA3","protein"
"CDG1Y|TRAPD","SSR4","9606","ncbigene:6748","false","SSR4","protein"
"BV05S1J2.2|TCRB|TCRBC1","TRBC1","9606","ncbigene:28639","false","TRBC1","protein"
"AAA|ABETA|ABPP|AD1|APPI|CTFgamma|CVAP|PN-II|PN2","APP","9606","ncbigene:351","false","APP","protein"
"CANP|CANP1|CANPL1|muCANP|muCL","CAPN1","9606","ncbigene:823","false","CAPN1","protein"
"C5orf8|GP36B|VIP36","LMAN2","9606","ncbigene:10960","false","LMAN2","protein"
,"FUT8","9606","ncbigene:2530","false","FUT8","protein"
"CDG1V|PNG1|PNGase","NGLY1","9606","ncbigene:55768","false","NGLY1","protein"
"CD18|LAD|LCAMB|LFA-1|MAC-1|MF17|MFI7","ITGB2","9606","ncbigene:3689","false","ITGB2","protein"
"CD11A|LFA-1|LFA1A","ITGAL","9606","ncbigene:3683","false","ITGAL","protein"
"D6S204|HLA-JY3|HLC-C|PSORS1","HLA-C","9606","ncbigene:3107","false","HLA-C","protein"
"HSEC61|SEC61|SEC61A","SEC61A1","9606","ncbigene:29927","false","SEC61A1","protein"
"TCRBV12S3|TCRBV8S1|TRBV123","TRBV12-3","9606","ncbigene:28577","false","TRBV12-3","protein"
"HLAA","HLA-A","9606","ncbigene:3105","false","HLA-A","protein"
,"CLGN","9606","ncbigene:1047","false","CLGN","protein"
"DCE|Nbla03646|SELADIN1|seladin-1","DHCR24","9606","ncbigene:1718","false","DHCR24","protein"
"CLN10|CPSD|HEL-S-130P","CTSD","9606","ncbigene:1509","false","CTSD","protein"
"FH|FHC|LDLCQ2","LDLR","9606","ncbigene:3949","false","LDLR","protein"
"C9orf87|D4Ertd89e|OI14|TRIC-B|TRICB|bA219P18.1","TMEM38B","9606","ncbigene:55151","false","TMEM38B","protein"
"ARH9|ARHC|H9|RHOH9","RHOC","9606","ncbigene:389","false","RHOC","protein"
"HSP105|HSP105A|HSP105B|NY-CO-25","HSPH1","9606","ncbigene:10808","false","HSPH1","protein"
"CLN4A|HsT18960|nclf","CLN6","9606","ncbigene:54982","false","CLN6","protein"
"Erv41|PTX1|cd002","ERGIC2","9606","ncbigene:51290","false","ERGIC2","protein"
"CHIL2|YKL-39|YKL39","CHI3L2","9606","ncbigene:1117","false","CHI3L2","protein"
"CD158K|NKAT-4|NKAT4|NKAT4B|p140","KIR3DL2","9606","ncbigene:3812","false","KIR3DL2","protein"
"H13|IMP1|IMPAS|IMPAS-1|MSTP086|PSENL3|PSL3|SPP|SPPL1|dJ324O17.1","HM13","9606","ncbigene:81502","false","HM13","protein"
"RIP5","C20orf24","9606","ncbigene:55969","false","C20orf24","protein"
"RING5|RMA1","RNF5","9606","ncbigene:6048","false","RNF5","protein"
,"FLOT1","9606","ncbigene:10211","false","FLOT1","protein"
"SERCA3","ATP2A3","9606","ncbigene:489","false","ATP2A3","protein"
"BOCA|MESD","MESDC2","9606","ncbigene:23184","false","MESDC2","protein"
"C20orf47|CGI-54|Erv46|NY-BR-84|PRO0989|SDBCAG84|dJ477O4.2","ERGIC3","9606","ncbigene:51614","false","ERGIC3","protein"
"CD158E1|KIR|KIR3DL1/S1|NKAT-3|NKAT3|NKB1|NKB1B","KIR3DL1","9606","ncbigene:3811","false","KIR3DL1","protein"
"PORIN|VDAC-1","VDAC1","9606","ncbigene:7416","false","VDAC1","protein"
"AS|HLAB|SPDA1","HLA-B","9606","ncbigene:3106","false","HLA-B","protein"
"GRP-170|Grp170|HSP12A|ORP-150|ORP150","HYOU1","9606","ncbigene:10525","false","HYOU1","protein"
"Cab45|SDF-4","SDF4","9606","ncbigene:51150","false","SDF4","protein"
,"CALU","9606","ncbigene:813","false","CALU","protein"
"ECGP|GP96|GRP94|HEL-S-125m|HEL35|TRA1","HSP90B1","9606","ncbigene:7184","false","HSP90B1","protein"
"E6BP|ERC-55|ERC55|TCBP49","RCN2","9606","ncbigene:5955","false","RCN2","protein"
"PNAS-135","LSM12","9606","ncbigene:124801","false","LSM12","protein"
"pFGE","SUMF2","9606","ncbigene:25870","false","SUMF2","protein"
"ENDOPDI|ERP46|HCC-2|PDIA15|STRF8|UNQ364","TXNDC5","9606","ncbigene:81567","false","TXNDC5","protein"
"AsTP3|CBP1|CBP2|HSP47|OI10|PPROM|RA-A47|SERPINH2|gp46","SERPINH1","9606","ncbigene:871","false","SERPINH1","protein"
"GLT25D1","COLGALT1","9606","ncbigene:79709","false","COLGALT1","protein"
"HSP70B","HSPA7","9606","ncbigene:3311","false","HSPA7","protein"
"IAP|MRX95|OST3B|PRO0756|XMEN|bA217H1.1","MAGT1","9606","ncbigene:84061","false","MAGT1","protein"
"C1orf22","EDEM3","9606","ncbigene:80267","false","EDEM3","protein"
,"HSPA6","9606","ncbigene:3310","false","HSPA6","protein"
"ERdj6|HP58|P58|P58IPK|PRKRI","DNAJC3","9606","ncbigene:5611","false","DNAJC3","protein"
"CD49D|IA4","ITGA4","9606","ncbigene:3676","false","ITGA4","protein"
,"RNF126","9606","ncbigene:55658","false","RNF126","protein"
"PDIR","PDIA5","9606","ncbigene:10954","false","PDIA5","protein"
"ARVC5|ARVD5|EDMD7|LUMA","TMEM43","9606","ncbigene:79188","false","TMEM43","protein"
"DQ2|DYT1","TOR1A","9606","ncbigene:1861","false","TOR1A","protein"
"STCH","HSPA13","9606","ncbigene:6782","false","HSPA13","protein"
"BTZ|MLN51","CASC3","9606","ncbigene:22794","false","CASC3","protein"
"DHRD|DRAD|FBLN3|FBNL|FIBL-3|MLVT|MTLV|S1-5","EFEMP1","9606","ncbigene:2202","false","EFEMP1","protein"
"C16orf14|c349E10.1","FAM195A","9606","ncbigene:84331","false","FAM195A","protein"
"CHTD2|MAP3K7IP2|TAB-2","TAB2","9606","ncbigene:23118","false","TAB2","protein"
,"G3BP2","9606","ncbigene:9908","false","G3BP2","protein"
"IFRG15|LULL1|NET9","TOR1AIP2","9606","ncbigene:163590","false","TOR1AIP2","protein"
"PDIA10|TXNDC4","ERP44","9606","ncbigene:23071","false","ERP44","protein"
"MOV34|P40|Rpn8|S12","PSMD7","9606","ncbigene:5713","false","PSMD7","protein"
,"FAM133B","9606","ncbigene:257415","false","FAM133B","protein"
,"P4HA2","9606","ncbigene:8974","false","P4HA2","protein"
"G3BP|HDH-VIII","G3BP1","9606","ncbigene:10146","false","G3BP1","protein"
"Rpn6|S9|p44.5","PSMD11","9606","ncbigene:5717","false","PSMD11","protein"
"H3/A|H3FA","HIST1H3A","9606","ncbigene:8350","false","HIST1H3A","protein"
"RNB6","EVL","9606","ncbigene:51466","false","EVL","protein"
"TIM13|TIM13B|TIMM13A|TIMM13B|ppv1","TIMM13","9606","ncbigene:26517","false","TIMM13","protein"
,"ENDOD1","9606","ncbigene:23052","false","ENDOD1","protein"
"B-IND1|BIND1|HACD3|HSPC121","PTPLAD1","9606","ncbigene:51495","false","PTPLAD1","protein"
"ALS14|HEL-220|HEL-S-70|IBMPFD|IBMPFD1|TERA|p97","VCP","9606","ncbigene:7415","false","VCP","protein"
"SLP-2","STOML2","9606","ncbigene:30968","false","STOML2","protein"
"HD-VDAC3|VDAC-3","VDAC3","9606","ncbigene:7419","false","VDAC3","protein"
"DEEPEST|MAP126|hMAP126","SPAG5","9606","ncbigene:10615","false","SPAG5","protein"
"DDP|DDP1|DFN1|MTS|TIM8","TIMM8A","9606","ncbigene:1678","false","TIMM8A","protein"
"COX6B|COXG|COXVIb1","COX6B1","9606","ncbigene:1340","false","COX6B1","protein"
"VAP-33|VAP-A|VAP33|hVAP-33","VAPA","9606","ncbigene:9218","false","VAPA","protein"
"PRO3567|SPC22/23|SPC3|YLR066W","SPCS3","9606","ncbigene:60559","false","SPCS3","protein"
"ERV29","SURF4","9606","ncbigene:6836","false","SURF4","protein"
"DDP2|TIM8B","TIMM8B","9606","ncbigene:26521","false","TIMM8B","protein"
"PI5P4KA|PIP5K2A|PIP5KII-alpha|PIP5KIIA|PIPK","PIP4K2A","9606","ncbigene:5305","false","PIP4K2A","protein"
"KIAA0090","EMC1","9606","ncbigene:23065","false","EMC1","protein"
"MMTRA1B","PLSCR1","9606","ncbigene:5359","false","PLSCR1","protein"
"EMC5|TMEM32","MMGT1","9606","ncbigene:93380","false","MMGT1","protein"
"AOE37-2|AOE372|HEL-S-97n|PRX-4","PRDX4","9606","ncbigene:10549","false","PRDX4","protein"
"GAPCENA|TBC1D11","RABGAP1","9606","ncbigene:23637","false","RABGAP1","protein"
,"SPCS2","9606","ncbigene:9789","false","SPCS2","protein"
,"KIAA2013","9606","ncbigene:90231","false","KIAA2013","protein"
"PDSW","NDUFB10","9606","ncbigene:4716","false","NDUFB10","protein"
"COX|COX-VA|VA","COX5A","9606","ncbigene:9377","false","COX5A","protein"
"FBG2|FBS2|FBX6|Fbx6b","FBXO6","9606","ncbigene:26270","false","FBXO6","protein"
"MMDS3|MVti1|VTI1RP2|Vti1-rp2","VTI1A","9606","ncbigene:143187","false","VTI1A","protein"
"C19orf1|D19S1177E|PER-EC1|PEREC1|TOM40","TOMM40","9606","ncbigene:10452","false","TOMM40","protein"
"CFR-1|ESL-1|MG-160|MG160","GLG1","9606","ncbigene:2734","false","GLG1","protein"
"Dtrp1|HTP1|TLOC1|TP-1","SEC62","9606","ncbigene:7095","false","SEC62","protein"
,"RER1","9606","ncbigene:11079","false","RER1","protein"
"SPT5|SPT5H|Tat-CT1","SUPT5H","9606","ncbigene:6829","false","SUPT5H","protein"
"SPT4|SPT4H|SUPT4H","SUPT4H1","9606","ncbigene:6827","false","SUPT4H1","protein"
"PP-1A|PP1A|PP1alpha|PPP1A","PPP1CA","9606","ncbigene:5499","false","PPP1CA","protein"
"CMM9|DKCA2|DKCB4|EST2|PFBMFT1|TCS1|TP2|TRT|hEST2|hTRT","TERT","9606","ncbigene:7015","false","TERT","protein"
"E2(17)KB2|PUBC1|UBC4|UBC4/5|UBCH4|UBCH5B","UBE2D2","9606","ncbigene:7322","false","UBE2D2","protein"
"CD184|D2S201E|FB22|HM89|HSY3RR|LAP-3|LAP3|LCR1|LESTR|NPY3R|NPYR|NPYRL|NPYY3R|WHIM","CXCR4","9606","ncbigene:7852","false","CXCR4","protein"
"TA1|TAR1|TRAR1","TAAR1","9606","ncbigene:134864","false","TAAR1","protein"
"PEP3","VPS18","9606","ncbigene:57617","false","VPS18","protein"
,"MON2","9606","ncbigene:23041","false","MON2","protein"
"CALML2|CAMI|CPVT4|DD132|PHKD|caM","CALM1","9606","ncbigene:801","false","CALM1","protein"
"S8|SUG-1|SUG1|TBP10|TRIP1|p45|p45/SUG","PSMC5","9606","ncbigene:5705","false","PSMC5","protein"
"C9orf28|FAM125B","MVB12B","9606","ncbigene:89853","false","MVB12B","protein"
,"VPS37B","9606","ncbigene:79720","false","VPS37B","protein"
,"VPS28","9606","ncbigene:51160","false","VPS28","protein"
"BMIQ12|NEC1|PC1|PC3|SPC3","PCSK1","9606","ncbigene:5122","false","PCSK1","protein"
"PC5|PC6|PC6A|SPC6","PCSK5","9606","ncbigene:5125","false","PCSK5","protein"
"PACE4|SPC4","PCSK6","9606","ncbigene:5046","false","PCSK6","protein"
"FUR|PACE|PCSK3|SPC1","FURIN","9606","ncbigene:5045","false","FURIN","protein"
"CATG|CG","CTSG","9606","ncbigene:1511","false","CTSG","protein"
"BcDNA:GM02031|CG3412|DmelCG3412|FBXW1|Slimb|Slimb/Beta-TRCP1|Slimb/beta-TRCP|crd|ica|l(3)00295|shv","slmb","7227","ncbigene:42504","false","slmb","protein"
"CCNU|CILD29|UDG2","CCNO","9606","ncbigene:10309","false","CCNO","protein"
"DCR1|Dicer|Dicer1e|HERNA|K12H4.8-LIKE|MNG1|RMSE2","DICER1","9606","ncbigene:23405","false","DICER1","protein"
"GPATC6|GPATCH6|KIAA1847|ZC3H9|ZC3HDC9|ZIP","ZGPAT","9606","ncbigene:84619","false","ZGPAT","protein"
"H4/p","HIST4H4","9606","ncbigene:121504","false","HIST4H4","protein"
"P72|RH70","DDX17","9606","ncbigene:10521","false","DDX17","protein"
"DDX36|G4R1|MLEL1|RHAU","DHX36","9606","ncbigene:170506","false","DHX36","protein"
"E4-DBP|HQ0256|MSTP162|RRP3","DDX47","9606","ncbigene:51202","false","DDX47","protein"
"LARP3|La|La/SSB","SSB","9606","ncbigene:6741","false","SSB","protein"
"PSP1","PSPC1","9606","ncbigene:55269","false","PSPC1","protein"
,"FAM98B","9606","ncbigene:283742","false","FAM98B","protein"
"ABC27|ABC50","ABCF1","9606","ncbigene:23","false","ABCF1","protein"
"ATP-PFK|PFK-C|PFK-P|PFKF","PFKP","9606","ncbigene:5214","false","PFKP","protein"
"16E1BP","TRIP13","9606","ncbigene:9319","false","TRIP13","protein"
"asw","C2orf49","9606","ncbigene:79074","false","C2orf49","protein"
"LANP-L|LANPL","ANP32E","9606","ncbigene:81611","false","ANP32E","protein"
"S5","RPS5","9606","ncbigene:6193","false","RPS5","protein"
"ALS19|ALS20|HNRPA1|HNRPA1L3|IBMPFD3|hnRNP A1|hnRNP-A1","HNRNPA1","9606","ncbigene:3178","false","HNRNPA1","protein"
"C1|C2|HNRNP|HNRPC|SNRPC","HNRNPC","9606","ncbigene:3183","false","HNRNPC","protein"
"ATPBD1A|MBDIN|NTPBP|RPAP4|XAB1","GPN1","9606","ncbigene:11321","false","GPN1","protein"
"TUBA6|bcm948","TUBA1C","9606","ncbigene:84790","false","TUBA1C","protein"
"LLREP3|S2","RPS2","9606","ncbigene:6187","false","RPS2","protein"
"PURBETA","PURB","9606","ncbigene:5814","false","PURB","protein"
"DBA5|L35A","RPL35A","9606","ncbigene:6165","false","RPL35A","protein"
"S6","RPS6","9606","ncbigene:6194","false","RPS6","protein"
"H2-ALPHA|TUBA1","TUBA4A","9606","ncbigene:7277","false","TUBA4A","protein"
"B-ALPHA-1|LIS3|TUBA3","TUBA1A","9606","ncbigene:7846","false","TUBA1A","protein"
"APE|APE1|APEN|APEX|APX|HAP1|REF1","APEX1","9606","ncbigene:328","false","APEX1","protein"
"P15|PC4|p14","SUB1","9606","ncbigene:10923","false","SUB1","protein"
"LCA9|NMNAT|PNAT1","NMNAT1","9606","ncbigene:64802","false","NMNAT1","protein"
"H2B.1|H2B/l|H2BFL|dJ221C16.3","HIST1H2BC","9606","ncbigene:8347","false","HIST1H2BC","protein"
"HAP|HET|SAF-B1|SAFB1","SAFB","9606","ncbigene:6294","false","SAFB","protein"
"GLC1G|TA-WDRP|TAWDRP|UTP21","WDR36","9606","ncbigene:134430","false","WDR36","protein"
,"RBM42","9606","ncbigene:79171","false","RBM42","protein"
"DYT4|TUBB4|beta-5","TUBB4A","9606","ncbigene:10382","false","TUBB4A","protein"
"PRP11|PRPF11|SAP62|SF3a66","SF3A2","9606","ncbigene:8175","false","SF3A2","protein"
"BM020|C21orf66|FSAP105|GCFC|GCFC1","PAXBP1","9606","ncbigene:94104","false","PAXBP1","protein"
"EHB21","EPN2","9606","ncbigene:22905","false","EPN2","protein"
"GRY-RBP|GRYRBP|HNRNPQ|HNRPQ1|NSAP1|PP68|hnRNP-Q","SYNCRIP","9606","ncbigene:10492","false","SYNCRIP","protein"
"CK2B|CK2N|CSK2B|G5A","CSNK2B","9606","ncbigene:1460","false","CSNK2B","protein"
"IPO2|KPNB2|MIP|MIP1|TRN","TNPO1","9606","ncbigene:3842","false","TNPO1","protein"
"EAP1|RRP42|Rrp42p|hRrp42p|p8","EXOSC7","9606","ncbigene:23016","false","EXOSC7","protein"
"CFIm59","CPSF7","9606","ncbigene:79869","false","CPSF7","protein"
,"DAZAP1","9606","ncbigene:26528","false","DAZAP1","protein"
"H2Bb","HIST3H2BB","9606","ncbigene:128312","false","HIST3H2BB","protein"
"C14orf21","NOP9","9606","ncbigene:161424","false","NOP9","protein"
"RNPU1Z|RPU1|SNRP70|Snp1|U1-70K|U170K|U1AP|U1RNP","SNRNP70","9606","ncbigene:6625","false","SNRNP70","protein"
"PMGYSA|bA506K6.1","TUBB2B","9606","ncbigene:347733","false","TUBB2B","protein"
"EIF2|EIF2B|EIF2beta|PPP1R67|eIF-2-beta","EIF2S2","9606","ncbigene:8894","false","EIF2S2","protein"
"C1orf25|MST070|TRM1L|bG120K12.3","TRMT1L","9606","ncbigene:81627","false","TRMT1L","protein"
"BBIS|WDR58|fSAP35","THOC6","9606","ncbigene:79228","false","THOC6","protein"
"EIEE10|MCSZ|PNK","PNKP","9606","ncbigene:11284","false","PNKP","protein"
,"TOE1","9606","ncbigene:114034","false","TOE1","protein"
"C2F|Grcc2f|NEP1","EMG1","9606","ncbigene:10436","false","EMG1","protein"
"CPSF100","CPSF2","9606","ncbigene:53981","false","CPSF2","protein"
"2610510D13Rik|D10S102|FBRNP|HNRPA3","HNRNPA3","9606","ncbigene:220988","false","HNRNPA3","protein"
"NMT55|NRB54|P54|P54NRB|PPP1R114","NONO","9606","ncbigene:4841","false","NONO","protein"
,"SRBD1","9606","ncbigene:55133","false","SRBD1","protein"
"Dob1|KIAA0052|Mtr4|fSAP118","SKIV2L2","9606","ncbigene:23517","false","SKIV2L2","protein"
"NY-BR-99|PRP31|RP11|SNRNP61","PRPF31","9606","ncbigene:26121","false","PRPF31","protein"
"ANT-1|ANT1|C20orf14|Prp6|RP60|SNRNP102|TOM|U5-102K|hPrp6","PRPF6","9606","ncbigene:24148","false","PRPF6","protein"
"GPIAP1|GPIP137|GRIP137|M11S1|RNG105|p137GPI","CAPRIN1","9606","ncbigene:4076","false","CAPRIN1","protein"
"CK2A2|CSNK2A1","CSNK2A2","9606","ncbigene:1459","false","CSNK2A2","protein"
"EIF2|EIF2G|EIF2gamma|eIF-2gA","EIF2S3","9606","ncbigene:1968","false","EIF2S3","protein"
"FAU1|Fub1|Fubi|MNSFbeta|RPS30|S30|asr1","FAU","9606","ncbigene:2197","false","FAU","protein"
"IPOA3|QIP1|SRP3","KPNA4","9606","ncbigene:3840","false","KPNA4","protein"
"hNRD1|hNRD2","NRD1","9606","ncbigene:4898","false","NRD1","protein"
"Cwc1|PRL1|PRP46|PRPF46|TANGO4","PLRG1","9606","ncbigene:5356","false","PLRG1","protein"
"B55A|B55ALPHA|PR52A|PR55A","PPP2R2A","9606","ncbigene:5520","false","PPP2R2A","protein"
"PP6|PP6C","PPP6C","9606","ncbigene:5537","false","PPP6C","protein"
"L27","RPL27","9606","ncbigene:6155","false","RPL27","protein"
"ASC-1|L3|TARBP-B","RPL3","9606","ncbigene:6122","false","RPL3","protein"
"DBA4|RPS17L|RPS17L1|RPS17L2|S17","RPS17","9606","ncbigene:6218","false","RPS17","protein"
"S23","RPS23","9606","ncbigene:6228","false","RPS23","protein"
"S25","RPS25","9606","ncbigene:6230","false","RPS25","protein"
"FTE1|MFTL|S3A","RPS3A","9606","ncbigene:6189","false","RPS3A","protein"
"CCG2|DXS306|RPS4|S4|SCAR|SCR10","RPS4X","9606","ncbigene:6191","false","RPS4X","protein"
"SFRS9|SRp30c","SRSF9","9606","ncbigene:8683","false","SRSF9","protein"
"B-raf|HYPT11|SME|Sm-E","SNRPE","9606","ncbigene:6635","false","SNRPE","protein"
"SMF|Sm-F|snRNP-F","SNRPF","9606","ncbigene:6636","false","SNRPF","protein"
"SMG|Sm-G","SNRPG","9606","ncbigene:6637","false","SNRPG","protein"
"ELF|HEL102|SPTB2|betaSpII","SPTBN1","9606","ncbigene:6711","false","SPTBN1","protein"
,"SRP54","9606","ncbigene:6729","false","SRP54","protein"
"ALURBP","SRP9","9606","ncbigene:6726","false","SRP9","protein"
"CDCBM5|TUBB|TUBB2|dJ40E16.7","TUBB2A","9606","ncbigene:7280","false","TUBB2A","protein"
"CstF-64","CSTF2","9606","ncbigene:1478","false","CSTF2","protein"
"CSTF-77","CSTF3","9606","ncbigene:1479","false","CSTF3","protein"
"BXDC3|SSF|SSF-1|SSF1|SSF2","PPAN","9606","ncbigene:56342","false","PPAN","protein"
"RRP41B|RRP46|Rrp46p|hRrp46p|p12B","EXOSC5","9606","ncbigene:56915","false","EXOSC5","protein"
"CDLS|CDLS1|IDN3|IDN3-B|Scc2","NIPBL","9606","ncbigene:25836","false","NIPBL","protein"
"DROER","ERH","9606","ncbigene:2079","false","ERH","protein"
"40K|HPRP8BP|PRP8BP|PRPF8BP|SPF38|WDR57","SNRNP40","9606","ncbigene:9410","false","SNRNP40","protein"
"ASNRS|NARS1","NARS","9606","ncbigene:4677","false","NARS","protein"
"CYP-S1|CYPB|HEL-S-39|OI9|SCYLP","PPIB","9606","ncbigene:5479","false","PPIB","protein"
"OTT|OTT1|SPEN","RBM15","9606","ncbigene:64783","false","RBM15","protein"
"DBP-RB|UKVH5d","DDX1","9606","ncbigene:1653","false","DDX1","protein"
"ALS6|ETM4|FUS1|HNRNPP2|POMP75|TLS","FUS","9606","ncbigene:2521","false","FUS","protein"
"POMP100|PPP1R140|PSF","SFPQ","9606","ncbigene:6421","false","SFPQ","protein"
"ATP-PFK|PFK-B|PFK-L","PFKL","9606","ncbigene:5211","false","PFKL","protein"
"EWS|bK984G1.4","EWSR1","9606","ncbigene:2130","false","EWSR1","protein"
"HNRNP|HNRPDL|JKTBP|JKTBP2|LGMD1G|laAUF1","HNRNPDL","9606","ncbigene:9987","false","HNRNPDL","protein"
"HNRPR|hnRNP-R","HNRNPR","9606","ncbigene:10236","false","HNRNPR","protein"
"PRP21|PRPF21|SAP114|SF3A120","SF3A1","9606","ncbigene:10291","false","SF3A1","protein"
"CDCBM|CDCBM1|CFEOM3|CFEOM3A|FEOM3|TUBB4|beta-4","TUBB3","9606","ncbigene:10381","false","TUBB3","protein"
,"MFAP1","9606","ncbigene:4236","false","MFAP1","protein"
"MDS026","PPP2R2D","9606","ncbigene:55844","false","PPP2R2D","protein"
"Beta2|TUBB2|TUBB2C","TUBB4B","9606","ncbigene:10383","false","TUBB4B","protein"
"C15orf1|HPPCn|I1PP2A|LANP|MAPM|PHAP1|PHAPI|PP32","ANP32A","9606","ncbigene:8125","false","ANP32A","protein"
"Imp7|RANBP7","IPO7","9606","ncbigene:10527","false","IPO7","protein"
"APRIL|PHAPI2|SSP29","ANP32B","9606","ncbigene:10541","false","ANP32B","protein"
"L32","RPL32","9606","ncbigene:6161","false","RPL32","protein"
"ABBP1|HNRPAB","HNRNPAB","9606","ncbigene:3182","false","HNRNPAB","protein"
"65K|HSPC332|SAD1|SNRNP65","USP39","9606","ncbigene:10713","false","USP39","protein"
"K-ALPHA-1","TUBA1B","9606","ncbigene:10376","false","TUBA1B","protein"
"Sam68|p62|p68","KHDRBS1","9606","ncbigene:10657","false","KHDRBS1","protein"
"HEL-S-94n|HOP|IEF-SSP-3521|P60|STI1|STI1L","STIP1","9606","ncbigene:10963","false","STIP1","protein"
"FP793|RN|RNU2AF1|U2AF35|U2AFBP","U2AF1","9606","ncbigene:7307","false","U2AF1","protein"
"DIP2|UTP12","WDR3","9606","ncbigene:10885","false","WDR3","protein"
"CFIM|CFIM68|HPBRII-4|HPBRII-7","CPSF6","9606","ncbigene:11052","false","CPSF6","protein"
,"HIST2H2BF","9606","ncbigene:440689","false","HIST2H2BF","protein"
"L6|SHUJUN-2|TAXREB107|TXREB1","RPL6","9606","ncbigene:6128","false","RPL6","protein"
"IPOA7|KPNA7","KPNA6","9606","ncbigene:23633","false","KPNA6","protein"
"PP32R1","ANP32C","9606","ncbigene:23520","false","ANP32C","protein"
"ALG-4|ALG4|NFBP|RRP5","PDCD11","9606","ncbigene:22984","false","PDCD11","protein"
"FTP3|HNRPH|HNRPH2|hnRNPH","HNRNPH2","9606","ncbigene:3188","false","HNRNPH2","protein"
"C22orf28|DJ149A16.6|FAAP","RTCB","9606","ncbigene:51493","false","RTCB","protein"
"P160|PAP2","MYBBP1A","9606","ncbigene:10514","false","MYBBP1A","protein"
"G3PD|GAPD|HEL-S-162eP","GAPDH","9606","ncbigene:2597","false","GAPDH","protein"
"CGI-108|CSL4|Csl4p|SKI4|Ski4p|hCsl4p|p13","EXOSC1","9606","ncbigene:51013","false","EXOSC1","protein"
"CGI99|CLE|CLE7|LCRP369|RLLM1","C14orf166","9606","ncbigene:51637","false","C14orf166","protein"
"IPOA5|NPI-1|RCH2|SRP1","KPNA1","9606","ncbigene:3836","false","KPNA1","protein"
"PR4H|PRP4|PRP4H|PRP4K|dJ1013A10.1","PRPF4B","9606","ncbigene:8899","false","PRPF4B","protein"
"TUBAL2","TUBA8","9606","ncbigene:51807","false","TUBA8","protein"
"37LRP|67LR|ICAS|LAMBR|LAMR1|LBP|LBP/p40|LRP|LRP/LR|NEM/1CHD4|SA|lamR|p40","RPSA","9606","ncbigene:3921","false","RPSA","protein"
"HKII|HXK2","HK2","9606","ncbigene:3099","false","HK2","protein"
"H2AJ","H2AFJ","9606","ncbigene:55766","false","H2AFJ","protein"
"CDCBM6|M40|OK/SW-cl.56|TUBB1|TUBB5","TUBB","9606","ncbigene:203068","false","TUBB","protein"
"H3.3B","H3F3B","9606","ncbigene:3021","false","H3F3B","protein"
"L17|PD-1|RPL23","RPL17","9606","ncbigene:6139","false","RPL17","protein"
"CEP80|HEL112|S27A|UBA80|UBC|UBCEP1|UBCEP80","RPS27A","9606","ncbigene:6233","false","RPS27A","protein"
"U1C|Yhc1","SNRPC","9606","ncbigene:6631","false","SNRPC","protein"
"LIG2","LIG3","9606","ncbigene:3980","false","LIG3","protein"
"H4FA","HIST1H4A","9606","ncbigene:8359","false","HIST1H4A","protein"
"CK2A1|CKII|CSNK2A3","CSNK2A1","9606","ncbigene:1457","false","CSNK2A1","protein"
"BCA2|ZNF364","RNF115","9606","ncbigene:27246","false","RNF115","protein"
"PDA2|PDI|PDIP|PDIR","PDIA2","9606","ncbigene:64714","false","PDIA2","protein"
"PPP1R150|STAU","STAU1","9606","ncbigene:6780","false","STAU1","protein"
,"HCVgp1","11103","ncbigene:951475","false","HCVgp1","protein"
"MGC:39780|RNF84","TRAF5","9606","ncbigene:7188","false","TRAF5","protein"
"MGC:3310|RNF85","TRAF6","9606","ncbigene:7189","false","TRAF6","protein"
"BTBD12|FANCP|MUS312","SLX4","9606","ncbigene:84464","false","SLX4","protein"
"ERCC11|FANCQ|RAD1|XPF","ERCC4","9606","ncbigene:2072","false","ERCC4","protein"
"MMS4L|SLX2A","EME1","9606","ncbigene:146956","false","EME1","protein"
"SLX3","MUS81","9606","ncbigene:80198","false","MUS81","protein"
"TSPYL","TSPYL1","9606","ncbigene:7259","false","TSPYL1","protein"
"C20orf94|bA204H22.1|bA254M13.1|dJ1099D15.3","SLX4IP","9606","ncbigene:128710","false","SLX4IP","protein"
"COFS4|RAD10|UV20","ERCC1","9606","ncbigene:2067","false","ERCC1","protein"
"ATG8E|LC3|LC3A|MAP1ALC3|MAP1BLC3","MAP1LC3A","9606","ncbigene:84557","false","MAP1LC3A","protein"
"CAF|P/CAF|PCAF","KAT2B","9606","ncbigene:8850","false","KAT2B","protein"
"PAF65B","TAF5L","9606","ncbigene:27097","false","TAF5L","protein"
"ADA2|ADA2A|TADA2L|hADA2","TADA2A","9606","ncbigene:6871","false","TADA2A","protein"
"P73","TP73","9606","ncbigene:7161","false","TP73","protein"
"RECQ3|RECQL2|RECQL3","WRN","9606","ncbigene:7486","false","WRN","protein"
"GCCR|GCR|GCRST|GR|GRL","NR3C1","9606","ncbigene:2908","false","NR3C1","protein"
"GCN5|GCN5L2|PCAF-b|hGCN5","KAT2A","9606","ncbigene:2648","false","KAT2A","protein"
"DOD|UBL5","PIN1","9606","ncbigene:5300","false","PIN1","protein"
"CMT2P|RIFLE|TAL","LRSAM1","9606","ncbigene:90678","false","LRSAM1","protein"
"CPN60|GROEL|HLD4|HSP-60|HSP60|HSP65|HuCHA60|SPG13","HSPD1","9606","ncbigene:3329","false","HSPD1","protein"
,"LOC283788","9606","ncbigene:283788","false","LOC283788","protein"
"Ara1|HOMS1|SART1259|SNRNP110|Snu66","SART1","9606","ncbigene:9092","false","SART1","protein"
"3D3|AEG-1|AEG1|LYRIC|LYRIC/3D3","MTDH","9606","ncbigene:92140","false","MTDH","protein"
"RPL27A_4_770","RPL27AP6","9606","ncbigene:389435","false","RPL27AP6","protein"
"S16","RPS16","9606","ncbigene:6217","false","RPS16","protein"
"MPP-9|MPP9","MPHOSPH9","9606","ncbigene:10198","false","MPHOSPH9","protein"
"IFNGIP1|PYHIN2","IFI16","9606","ncbigene:3428","false","IFI16","protein"
"INT2|KIAA1287","INTS2","9606","ncbigene:57508","false","INTS2","protein"
"H1.6|H1FT|H1t|dJ221C16.2","HIST1H1T","9606","ncbigene:3010","false","HIST1H1T","protein"
"MFD1|TCS|TCS1|treacle","TCOF1","9606","ncbigene:6949","false","TCOF1","protein"
"CC3|SDR44U1|TIP30","HTATIP2","9606","ncbigene:10553","false","HTATIP2","protein"
"RPS2_17_1125","RPS2P40","9606","ncbigene:91561","false","RPS2P40","protein"
"L37A","RPL37A","9606","ncbigene:6168","false","RPL37A","protein"
"L27A","RPL27A","9606","ncbigene:6157","false","RPL27A","protein"
"DBA7|GIG34|L11","RPL11","9606","ncbigene:6135","false","RPL11","protein"
"L36A|L44L|MIG6|RPL44","RPL36A","9606","ncbigene:6173","false","RPL36A","protein"
"BASS1|C21orf50|DBP-5|NREBP|SON3","SON","9606","ncbigene:6651","false","SON","protein"
"L34","RPL34","9606","ncbigene:6164","false","RPL34","protein"
"GCAP-I|GUCA2|STARA","GUCA2A","9606","ncbigene:2980","false","GUCA2A","protein"
"ROSBIN","RSBN1","9606","ncbigene:54665","false","RSBN1","protein"
"L28","RPL28","9606","ncbigene:6158","false","RPL28","protein"
"MCC-B|MCCA","MCCC1","9606","ncbigene:56922","false","MCCC1","protein"
"ACC2|ACCB|HACC275","ACACB","9606","ncbigene:32","false","ACACB","protein"
"Mi-2a|Mi2-ALPHA|ZFH","CHD3","9606","ncbigene:1107","false","CHD3","protein"
"ACAC|ACACAD|ACC|ACC1|ACCA","ACACA","9606","ncbigene:31","false","ACACA","protein"
,"LOC100289097","9606","ncbigene:100289097","false","LOC100289097","protein"
,"RSBN1L","9606","ncbigene:222194","false","RSBN1L","protein"
"H3/l|H3FL","HIST1H3B","9606","ncbigene:8358","false","HIST1H3B","protein"
"IF2","EIF5B","9606","ncbigene:9669","false","EIF5B","protein"
"LIP.1|LIP1|LIPRIN","PPFIA1","9606","ncbigene:8500","false","PPFIA1","protein"
"FRG1A|FSG1","FRG1","9606","ncbigene:2483","false","FRG1","protein"
"L35","RPL35","9606","ncbigene:11224","false","RPL35","protein"
"HIP|HUMRPL29|L29|RPL29P10|RPL29_3_370","RPL29","9606","ncbigene:6159","false","RPL29","protein"
"AHNAKRS","AHNAK","9606","ncbigene:79026","false","AHNAK","protein"
,"ATP1A1","9606","ncbigene:476","false","ATP1A1","protein"
"A2D|A2LG|A2LP|A2RP","ATXN2L","9606","ncbigene:11273","false","ATXN2L","protein"
"C21orf112|Cctq|D21S246|PRED71","CCT8","9606","ncbigene:10694","false","CCT8","protein"
"CMS","CD2AP","9606","ncbigene:23607","false","CD2AP","protein"
"H41","CDV3","9606","ncbigene:55573","false","CDV3","protein"
"EMS1","CTTN","9606","ncbigene:2017","false","CTTN","protein"
"ARVC10|ARVD10|CDHF5|CMD1BB|HDGC","DSG2","9606","ncbigene:1829","false","DSG2","protein"
"EIF-4B|PRO1843","EIF4B","9606","ncbigene:1975","false","EIF4B","protein"
"EIF-4G1|EIF4F|EIF4G|EIF4GI|P220|PARK18","EIF4G1","9606","ncbigene:1981","false","EIF4G1","protein"
"EIF-5|EIF-5A","EIF5","9606","ncbigene:1983","false","EIF5","protein"
"4.1R|EL1|HE","EPB41","9606","ncbigene:2035","false","EPB41","protein"
"4.1-G|4.1G","EPB41L2","9606","ncbigene:2037","false","EPB41L2","protein"
"4.1B|DAL-1|DAL1","EPB41L3","9606","ncbigene:23136","false","EPB41L3","protein"
"FAS|OA-519|SDR27X1","FASN","9606","ncbigene:2194","false","FASN","protein"
"ABP-280|ABPX|CSBS|CVD1|FLN|FLN-A|FLN1|FMD|MNS|NHBP|OPD|OPD1|OPD2|XLVD|XMVD","FLNA","9606","ncbigene:2316","false","FLNA","protein"
"ABP-278|ABP-280|AOI|FH1|FLN-B|FLN1L|LRS1|SCT|TABP|TAP","FLNB","9606","ncbigene:2317","false","FLNB","protein"
"GEMIN-5","GEMIN5","9606","ncbigene:25929","false","GEMIN5","protein"
"GYF2|PARK11|PERQ2|PERQ3|TNRC15","GIGYF2","9606","ncbigene:26058","false","GIGYF2","protein"
"HBP|PRO2900|VGL","HDLBP","9606","ncbigene:3069","false","HDLBP","protein"
"H1.2|H1C|H1F2|H1s-1","HIST1H1C","9606","ncbigene:3006","false","HIST1H1C","protein"
"FLG3|S100A16|S100a18","HRNR","9606","ncbigene:388697","false","HRNR","protein"
"IRS-4|PY160","IRS4","9606","ncbigene:8471","false","IRS4","protein"
"LARP","LARP1","9606","ncbigene:23367","false","LARP1","protein"
,"MAP4","9606","ncbigene:4134","false","MAP4","protein"
"KIA|MIB-|MIB-1|PPP1R105","MKI67","9606","ncbigene:4288","false","MKI67","protein"
"AF6","MLLT4","9606","ncbigene:4301","false","MLLT4","protein"
"182-FIP|82-FIP|FIP-82","NUFIP2","9606","ncbigene:57532","false","NUFIP2","protein"
"HASPP28|PAP|PAP1","PDAP1","9606","ncbigene:11333","false","PDAP1","protein"
"B6P","PKP1","9606","ncbigene:5317","false","PKP1","protein"
"BAT2|D6S51|D6S51E|G2","PRRC2A","9606","ncbigene:7916","false","PRRC2A","protein"
"BAT2-iso|BAT2D1|BAT2L2|XTP2","PRRC2C","9606","ncbigene:23215","false","PRRC2C","protein"
"CT103|SEMG|SGI|dJ172H20.2","SEMG1","9606","ncbigene:6406","false","SEMG1","protein"
"SGII","SEMG2","9606","ncbigene:6407","false","SEMG2","protein"
"CHD3IP|HABP4L|PAI-RBP1|PAIRBP1","SERBP1","9606","ncbigene:26135","false","SERBP1","protein"
"AAAT|ASCT2|ATBO|M7V1|M7VS1|R16|RDRC","SLC1A5","9606","ncbigene:6510","false","SLC1A5","protein"
"4F2|4F2HC|4T2HC|CD98|CD98HC|MDU1|NACAE","SLC3A2","9606","ncbigene:6520","false","SLC3A2","protein"
"C14orf92|KIAA0737|LCP1|MIG7","TOX4","9606","ncbigene:9878","false","TOX4","protein"
,"TPR","9606","ncbigene:7175","false","TPR","protein"
"CEP52|HUBCEP52|L40|RPL40","UBA52","9606","ncbigene:7311","false","UBA52","protein"
"UBAP-2","UBAP2","9606","ncbigene:55833","false","UBAP2","protein"
"NICE-4","UBAP2L","9606","ncbigene:9898","false","UBAP2L","protein"
"SEP1","XRN1","9606","ncbigene:54464","false","XRN1","protein"
"ARTD13|FLB6421|PARP13|ZAP|ZC3H2|ZC3HDC2","ZC3HAV1","9606","ncbigene:56829","false","ZC3HAV1","protein"
"ARRS2|C13orf10|PPP1R132|SE70-2|ZC3H17","RBM26","9606","ncbigene:64062","false","RBM26","protein"
,"AMOT","9606","ncbigene:154796","false","AMOT","protein"
"CPBHM|HD6|PPP1R90","HDAC6","9606","ncbigene:10013","false","HDAC6","protein"
"CDLS5|HD8|HDACL1|MRXS6|RPD3|WTS","HDAC8","9606","ncbigene:55869","false","HDAC8","protein"
"CD107b|LGP-B|Lamp II|Lamp-2|Lamp-2a|Lamp-2b|Lamp-2c|Mac3","Lamp2","10090","ncbigene:16784","false","Lamp2","protein"
"CNA43|DNA43","MCM10","9606","ncbigene:55388","false","MCM10","protein"
"ASK1|MAPKKK5|MEKK5","MAP3K5","9606","ncbigene:4217","false","MAP3K5","protein"
"DHLAG|HLADG|II|Ia-GAMMA","CD74","9606","ncbigene:972","false","CD74","protein"
"UNPH-2|UNPH4","USP15","9606","ncbigene:9958","false","USP15","protein"
"CD282|TIL4","TLR2","9606","ncbigene:7097","false","TLR2","protein"
"CD281|TIL|TIL. LPRS5|rsc786","TLR1","9606","ncbigene:7096","false","TLR1","protein"
"CRIK|STK21","CIT","9606","ncbigene:11113","false","CIT","protein"
"mkp1","srk1","284812","ncbigene:2539027","false","srk1","protein"
"BACTS2|CIS|CIS-1|G18|SOCS","CISH","9606","ncbigene:1154","false","CISH","protein"
"BIA1|RNF92","TRIM11","9606","ncbigene:81559","false","TRIM11","protein"
,"APOBEC3H","9598","ncbigene:470214","false","APOBEC3H","protein"
"Neurodap1|RNF131","PJA2","9606","ncbigene:9867","false","PJA2","protein"
"CANDF7|IMD31A|IMD31B|IMD31C|ISGF-3|STAT91","STAT1","9606","ncbigene:6772","false","STAT1","protein"
"ADMIO|APRF|HIES","STAT3","9606","ncbigene:6774","false","STAT3","protein"
"CLP1|EDG1|HIS1|MAQ1","HEXIM1","9606","ncbigene:10614","false","HEXIM1","protein"
"C/EBP-beta|IL6DBP|NF-IL6|TCF5","CEBPB","9606","ncbigene:1051","false","CEBPB","protein"
"MRD17","PACS1","9606","ncbigene:55690","false","PACS1","protein"
"PACS-2|PACS1L","PACS2","9606","ncbigene:23241","false","PACS2","protein"
"ZBTB29|ZNF901|hic-1","HIC1","9606","ncbigene:3090","false","HIC1","protein"
"HEL-33|HEL-S-72p|HSC54|HSC70|HSC71|HSP71|HSP73|HSPA10|LAP-1|LAP1|NIP71","HSPA8","9606","ncbigene:3312","false","HSPA8","protein"
"ATG8A|GABARAP-a|MM46","GABARAP","9606","ncbigene:11337","false","GABARAP","protein"
"NDP52","CALCOCO2","9606","ncbigene:10241","false","CALCOCO2","protein"
"HSPC182|PNAS-120","SSU72","9606","ncbigene:29101","false","SSU72","protein"
"ALS12|FIP2|GLC1E|HIP7|HYPL|NRP|TFIIIA-INTP","OPTN","9606","ncbigene:10133","false","OPTN","protein"
"APG3|APG3-LIKE|APG3L|PC3-96","ATG3","9606","ncbigene:64422","false","ATG3","protein"
"C9orf81|IP63","CEP78","9606","ncbigene:84131","false","CEP78","protein"
"CDCBM4|GCP-1|TUBG|TUBGCP1","TUBG1","9606","ncbigene:7283","false","TUBG1","protein"
,"TUBG2","9606","ncbigene:27175","false","TUBG2","protein"
"HEX1|hExoI","EXO1","9606","ncbigene:9156","false","EXO1","protein"
"ATG8|ATG8C|GATE-16|GATE16|GEF-2|GEF2","GABARAPL2","9606","ncbigene:11345","false","GABARAPL2","protein"
"APG8-LIKE|APG8L|ATG8|ATG8B|ATG8L|GEC1","GABARAPL1","9606","ncbigene:23710","false","GABARAPL1","protein"
"BRCAI|BRCC1|BROVCA1|FANCS|IRIS|PNCA4|PPP1R53|PSCP|RNF53","BRCA1","9606","ncbigene:672","false","BRCA1","protein"
,"asp","11676","ncbigene:19424028","false","asp","protein"
"HSMT3|SMT3B|SMT3H2|SUMO3|Smt3A","SUMO2","9606","ncbigene:6613","false","SUMO2","protein"
"SMT3A|SMT3H1|SUMO-3|Smt3B","SUMO3","9606","ncbigene:6612","false","SUMO3","protein"
